dataset,feature_nature,feature_category,feature_names,window_size,clf_name,clf_params,accuracy,f1,precision,recall
fbk,1st-order,individual,"Index(['individual_sleep', 'individual_stress_tolerance',
       'individual_prev_stress'],
      dtype='object')",1,RF,"{'n_estimators': 140, 'max_depth': 5, 'criterion': 'gini'}",0.7860262008733624,0.7831170415076913,0.786532312018762,0.7860262008733624
fbk,1st-order,individual,"Index(['individual_sleep', 'individual_stress_tolerance',
       'individual_prev_stress'],
      dtype='object')",1,xGB,"{'n_estimators': 100, 'max_depth': 5, 'learning_rate': 0.1}",0.7965065502183406,0.7928955517134912,0.7954632893847379,0.7965065502183406
fbk,1st-order,organizational,"Index(['organizational_workload', 'organizational_control',
       'organizational_socialinteraction'],
      dtype='object')",1,RF,"{'n_estimators': 180, 'max_depth': 9, 'criterion': 'gini'}",0.7799250328464332,0.7695683818244985,0.7734295003281897,0.7799250328464332
fbk,1st-order,organizational,"Index(['organizational_workload', 'organizational_control',
       'organizational_socialinteraction'],
      dtype='object')",1,xGB,"{'n_estimators': 100, 'max_depth': 5, 'learning_rate': 0.1}",0.7790748898678415,0.7709846094832431,0.7754163245802859,0.7790748898678415
fbk,1st-order,ambient,"Index(['ambient_temperature', 'ambient_humidity', 'ambient_cloudcover',
       'ambient_weekday'],
      dtype='object')",1,RF,"{'n_estimators': 180, 'max_depth': 9, 'criterion': 'gini'}",0.6322412060301508,0.6148852102071781,0.6125897372550055,0.6322412060301508
fbk,1st-order,ambient,"Index(['ambient_temperature', 'ambient_humidity', 'ambient_precipitation',
       'ambient_cloudcover', 'ambient_weekday'],
      dtype='object')",1,xGB,"{'n_estimators': 100, 'max_depth': 5, 'learning_rate': 0.1}",0.6172361809045227,0.6069968226583541,0.6047001345016556,0.6172361809045227
fbk,1st-order,"['individual', 'organizational']","Index(['individual_sleep', 'organizational_workload', 'organizational_control',
       'organizational_socialinteraction', 'individual_stress_tolerance',
       'individual_prev_stress'],
      dtype='object')",1,RF,"{'n_estimators': 180, 'max_depth': 9, 'criterion': 'gini'}",0.7654714850367024,0.7625207265125673,0.7661006767797287,0.7654714850367024
fbk,1st-order,"['individual', 'organizational']","Index(['individual_sleep', 'organizational_workload', 'organizational_control',
       'organizational_socialinteraction', 'individual_stress_tolerance',
       'individual_prev_stress'],
      dtype='object')",1,xGB,"{'n_estimators': 100, 'max_depth': 5, 'learning_rate': 0.1}",0.7520327498588367,0.7498077187862305,0.7517098779154894,0.7520327498588367
fbk,1st-order,"['individual', 'ambient']","Index(['individual_sleep', 'ambient_temperature', 'ambient_humidity',
       'individual_stress_tolerance', 'ambient_weekday',
       'individual_prev_stress'],
      dtype='object')",1,RF,"{'n_estimators': 180, 'max_depth': 9, 'criterion': 'gini'}",0.7240667748666821,0.7180191479355779,0.7208009590033824,0.7240667748666821
fbk,1st-order,"['individual', 'ambient']","Index(['individual_sleep', 'ambient_temperature', 'ambient_humidity',
       'ambient_precipitation', 'ambient_cloudcover',
       'individual_stress_tolerance', 'ambient_weekday',
       'individual_prev_stress'],
      dtype='object')",1,xGB,"{'n_estimators': 140, 'max_depth': 6, 'learning_rate': 0.05}",0.7179109668444238,0.7139432979822574,0.71398872765776,0.7179109668444238
fbk,1st-order,"['organizational', 'ambient']","Index(['organizational_workload', 'organizational_control',
       'ambient_temperature', 'ambient_humidity', 'ambient_precipitation',
       'ambient_cloudcover', 'organizational_socialinteraction',
       'ambient_weekday'],
      dtype='object')",1,RF,"{'n_estimators': 180, 'max_depth': 9, 'criterion': 'gini'}",0.6953155028827674,0.6925529989593103,0.6975737522054185,0.6953155028827674
fbk,1st-order,"['organizational', 'ambient']","Index(['organizational_workload', 'organizational_control',
       'ambient_temperature', 'ambient_precipitation', 'ambient_cloudcover',
       'organizational_socialinteraction', 'ambient_weekday'],
      dtype='object')",1,xGB,"{'n_estimators': 140, 'max_depth': 6, 'learning_rate': 0.05}",0.6693505765534914,0.6665765180203788,0.6666830978291844,0.6693505765534914
fbk,1st-order,"['individual', 'organizational', 'ambient']","Index(['organizational_workload', 'organizational_control',
       'ambient_temperature', 'ambient_humidity', 'ambient_cloudcover',
       'individual_stress_tolerance', 'ambient_weekday',
       'individual_prev_stress'],
      dtype='object')",1,RF,"{'n_estimators': 180, 'max_depth': 9, 'criterion': 'gini'}",0.7318239679941808,0.7264870419948252,0.724249359161599,0.7318239679941808
fbk,1st-order,"['individual', 'organizational', 'ambient']","Index(['individual_sleep', 'organizational_workload', 'organizational_control',
       'ambient_temperature', 'ambient_humidity', 'ambient_precipitation',
       'ambient_cloudcover', 'organizational_socialinteraction',
       'individual_stress_tolerance', 'ambient_weekday',
       'individual_prev_stress'],
      dtype='object')",1,xGB,"{'n_estimators': 100, 'max_depth': 4, 'learning_rate': 0.1}",0.7232805964720859,0.7208031541650546,0.7197305969039922,0.7232805964720859
fbk,2nd-order,individual,"Index(['individual_sleep', 'individual_stress_tolerance',
       'individual_sleep_avg_2', 'individual_sleep_std_2',
       'individual_sleep_max_2', 'individual_sleep_min_2',
       'individual_sleep_delta_2', 'individual_sleep_var_2'],
      dtype='object')",2,RF,"{'n_estimators': 180, 'max_depth': 9, 'criterion': 'gini'}",0.7957215250144543,0.7839616133427789,0.790310454884499,0.7957215250144543
fbk,2nd-order,individual,"Index(['individual_stress_tolerance', 'individual_sleep_avg_2',
       'individual_sleep_max_2', 'individual_sleep_min_2',
       'individual_sleep_var_2'],
      dtype='object')",2,xGB,"{'n_estimators': 140, 'max_depth': 6, 'learning_rate': 0.05}",0.7932557902254872,0.7818905594216246,0.7863838682218554,0.7932557902254872
fbk,2nd-order,individual,"Index(['individual_sleep', 'individual_stress_tolerance',
       'individual_sleep_avg_3', 'individual_sleep_std_3',
       'individual_sleep_max_3', 'individual_sleep_min_3',
       'individual_sleep_delta_3', 'individual_sleep_var_3',
       'individual_stress_avg_3', 'individual_stress_max_3',
       'individual_stress_min_3', 'individual_stress_delta_3',
       'individual_stress_var_3', 'individual_prev_stress'],
      dtype='object')",3,RF,"{'n_estimators': 180, 'max_depth': 9, 'criterion': 'gini'}",0.7661240195352967,0.7607429780142663,0.7623554270054912,0.7661240195352967
fbk,2nd-order,individual,"Index(['individual_sleep', 'individual_stress_tolerance',
       'individual_sleep_avg_3', 'individual_sleep_std_3',
       'individual_sleep_max_3', 'individual_sleep_min_3',
       'individual_sleep_delta_3', 'individual_stress_avg_3',
       'individual_stress_std_3', 'individual_stress_max_3',
       'individual_stress_delta_3', 'individual_prev_stress'],
      dtype='object')",3,xGB,"{'n_estimators': 140, 'max_depth': 6, 'learning_rate': 0.05}",0.7601117359775047,0.754448114285455,0.7566689445487091,0.7601117359775047
fbk,2nd-order,individual,"Index(['individual_sleep', 'individual_stress_tolerance',
       'individual_sleep_avg_4', 'individual_sleep_std_4',
       'individual_sleep_max_4', 'individual_sleep_min_4',
       'individual_sleep_delta_4', 'individual_sleep_var_4',
       'individual_stress_avg_4', 'individual_stress_std_4',
       'individual_stress_max_4', 'individual_stress_min_4',
       'individual_stress_delta_4', 'individual_stress_var_4',
       'individual_prev_stress'],
      dtype='object')",4,RF,"{'n_estimators': 180, 'max_depth': 9, 'criterion': 'gini'}",0.7533039647577093,0.749352510733363,0.7488199773613421,0.7533039647577093
fbk,2nd-order,individual,"Index(['individual_sleep', 'individual_stress_tolerance',
       'individual_sleep_avg_4', 'individual_sleep_std_4',
       'individual_sleep_max_4', 'individual_sleep_min_4',
       'individual_sleep_delta_4', 'individual_stress_avg_4',
       'individual_stress_std_4', 'individual_stress_min_4',
       'individual_stress_delta_4', 'individual_prev_stress'],
      dtype='object')",4,xGB,"{'n_estimators': 140, 'max_depth': 9, 'learning_rate': 0.01}",0.7136563876651982,0.709382366116002,0.7096241661799929,0.7136563876651982
fbk,2nd-order,individual,"Index(['individual_sleep', 'individual_stress_tolerance',
       'individual_sleep_avg_5', 'individual_sleep_std_5',
       'individual_sleep_max_5', 'individual_sleep_min_5',
       'individual_sleep_delta_5', 'individual_sleep_var_5',
       'individual_stress_avg_5', 'individual_stress_std_5',
       'individual_stress_max_5', 'individual_stress_min_5',
       'individual_stress_delta_5', 'individual_stress_var_5',
       'individual_prev_stress'],
      dtype='object')",5,RF,"{'n_estimators': 180, 'max_depth': 9, 'criterion': 'gini'}",0.7506581653640476,0.7479715972079136,0.7478731360856954,0.7506581653640476
fbk,2nd-order,individual,"Index(['individual_sleep', 'individual_stress_tolerance',
       'individual_sleep_max_5', 'individual_sleep_delta_5',
       'individual_stress_avg_5', 'individual_stress_max_5',
       'individual_stress_min_5', 'individual_stress_delta_5',
       'individual_prev_stress'],
      dtype='object')",5,xGB,"{'n_estimators': 140, 'max_depth': 9, 'learning_rate': 0.01}",0.7307157548334018,0.7291002390281887,0.7354984481985719,0.7307157548334018
fbk,2nd-order,organizational,"Index(['organizational_workload', 'organizational_control',
       'organizational_socialinteraction', 'organizational_workload_avg_2',
       'organizational_workload_max_2', 'organizational_workload_min_2',
       'organizational_workload_delta_2', 'organizational_control_avg_2',
       'organizational_control_max_2', 'organizational_control_min_2',
       'organizational_control_delta_2',
       'organizational_socialinteraction_avg_2',
       'organizational_socialinteraction_min_2'],
      dtype='object')",2,RF,"{'n_estimators': 180, 'max_depth': 9, 'criterion': 'gini'}",0.7191304347826086,0.7195418639267795,0.7232988785410525,0.7191304347826086
fbk,2nd-order,organizational,"Index(['organizational_workload', 'organizational_control',
       'organizational_socialinteraction', 'organizational_workload_avg_2',
       'organizational_workload_std_2', 'organizational_workload_max_2',
       'organizational_workload_min_2', 'organizational_workload_delta_2',
       'organizational_control_avg_2', 'organizational_control_std_2',
       'organizational_control_max_2', 'organizational_control_min_2',
       'organizational_control_delta_2',
       'organizational_socialinteraction_avg_2'],
      dtype='object')",2,xGB,"{'n_estimators': 100, 'max_depth': 6, 'learning_rate': 0.05}",0.7043478260869566,0.7039372884259665,0.7076187257257043,0.7043478260869566
fbk,2nd-order,organizational,"Index(['organizational_workload', 'organizational_control',
       'organizational_socialinteraction', 'organizational_workload_avg_3',
       'organizational_workload_std_3', 'organizational_workload_max_3',
       'organizational_workload_min_3', 'organizational_workload_delta_3',
       'organizational_workload_var_3', 'organizational_control_avg_3',
       'organizational_control_std_3', 'organizational_control_max_3',
       'organizational_control_min_3', 'organizational_control_delta_3',
       'organizational_control_var_3',
       'organizational_socialinteraction_avg_3',
       'organizational_socialinteraction_std_3',
       'organizational_socialinteraction_max_3',
       'organizational_socialinteraction_min_3',
       'organizational_socialinteraction_delta_3'],
      dtype='object')",3,RF,"{'n_estimators': 180, 'max_depth': 9, 'criterion': 'gini'}",0.7291421806958949,0.7244587260339206,0.7269619788868227,0.7291421806958949
fbk,2nd-order,organizational,"Index(['organizational_workload', 'organizational_control',
       'organizational_workload_avg_3', 'organizational_workload_std_3',
       'organizational_workload_max_3', 'organizational_workload_min_3',
       'organizational_control_avg_3', 'organizational_control_std_3',
       'organizational_control_max_3', 'organizational_control_min_3',
       'organizational_control_delta_3',
       'organizational_socialinteraction_avg_3',
       'organizational_socialinteraction_max_3',
       'organizational_socialinteraction_min_3'],
      dtype='object')",3,xGB,"{'n_estimators': 140, 'max_depth': 6, 'learning_rate': 0.05}",0.705293197480235,0.7022824581216788,0.7031726625243956,0.705293197480235
fbk,2nd-order,organizational,"Index(['organizational_workload', 'organizational_control',
       'organizational_socialinteraction', 'organizational_workload_avg_4',
       'organizational_workload_std_4', 'organizational_workload_max_4',
       'organizational_workload_min_4', 'organizational_workload_delta_4',
       'organizational_workload_var_4', 'organizational_control_avg_4',
       'organizational_control_std_4', 'organizational_control_max_4',
       'organizational_control_min_4', 'organizational_control_delta_4',
       'organizational_control_var_4',
       'organizational_socialinteraction_avg_4',
       'organizational_socialinteraction_std_4',
       'organizational_socialinteraction_min_4',
       'organizational_socialinteraction_delta_4'],
      dtype='object')",4,RF,"{'n_estimators': 180, 'max_depth': 9, 'criterion': 'gini'}",0.7100829274713703,0.7060167124465032,0.7111219187703075,0.7100829274713703
fbk,2nd-order,organizational,"Index(['organizational_workload', 'organizational_control',
       'organizational_socialinteraction', 'organizational_workload_avg_4',
       'organizational_workload_std_4', 'organizational_workload_max_4',
       'organizational_workload_min_4', 'organizational_workload_delta_4',
       'organizational_control_avg_4', 'organizational_control_std_4',
       'organizational_control_max_4', 'organizational_control_min_4',
       'organizational_control_delta_4',
       'organizational_socialinteraction_avg_4',
       'organizational_socialinteraction_std_4',
       'organizational_socialinteraction_min_4'],
      dtype='object')",4,xGB,"{'n_estimators': 140, 'max_depth': 6, 'learning_rate': 0.05}",0.7110087315168268,0.7089260061681807,0.7093379631490133,0.7110087315168268
fbk,2nd-order,organizational,"Index(['organizational_workload', 'organizational_control',
       'organizational_socialinteraction', 'organizational_workload_avg_5',
       'organizational_workload_std_5', 'organizational_workload_max_5',
       'organizational_workload_min_5', 'organizational_workload_delta_5',
       'organizational_workload_var_5', 'organizational_control_avg_5',
       'organizational_control_std_5', 'organizational_control_max_5',
       'organizational_control_min_5', 'organizational_control_delta_5',
       'organizational_control_var_5',
       'organizational_socialinteraction_avg_5',
       'organizational_socialinteraction_std_5',
       'organizational_socialinteraction_max_5',
       'organizational_socialinteraction_min_5',
       'organizational_socialinteraction_delta_5'],
      dtype='object')",5,RF,"{'n_estimators': 180, 'max_depth': 9, 'criterion': 'gini'}",0.711214953271028,0.7020122435506977,0.7116040576521375,0.711214953271028
fbk,2nd-order,organizational,"Index(['organizational_workload', 'organizational_control',
       'organizational_socialinteraction', 'organizational_workload_avg_5',
       'organizational_workload_std_5', 'organizational_workload_max_5',
       'organizational_workload_min_5', 'organizational_control_avg_5',
       'organizational_control_max_5', 'organizational_control_min_5',
       'organizational_control_delta_5',
       'organizational_socialinteraction_avg_5',
       'organizational_socialinteraction_std_5',
       'organizational_socialinteraction_max_5',
       'organizational_socialinteraction_min_5'],
      dtype='object')",5,xGB,"{'n_estimators': 100, 'max_depth': 4, 'learning_rate': 0.1}",0.7074766355140187,0.7021383444107847,0.7035815055309038,0.7074766355140187
fbk,2nd-order,ambient,"Index(['ambient_humidity', 'ambient_weekday', 'ambient_temperature_avg_2',
       'ambient_temperature_std_2', 'ambient_temperature_delta_2',
       'ambient_precipitation_delta_2', 'ambient_precipitation_var_2',
       'ambient_humidity_avg_2', 'ambient_humidity_std_2',
       'ambient_humidity_min_2'],
      dtype='object')",2,RF,"{'n_estimators': 180, 'max_depth': 9, 'criterion': 'gini'}",0.5891625615763546,0.5684794277728978,0.5707367003282956,0.5891625615763546
fbk,2nd-order,ambient,"Index(['ambient_temperature', 'ambient_humidity', 'ambient_cloudcover',
       'ambient_weekday', 'ambient_temperature_avg_2',
       'ambient_temperature_std_2', 'ambient_temperature_min_2',
       'ambient_temperature_delta_2', 'ambient_precipitation_delta_2',
       'ambient_precipitation_var_2', 'ambient_humidity_avg_2',
       'ambient_humidity_max_2', 'ambient_humidity_min_2'],
      dtype='object')",2,xGB,"{'n_estimators': 140, 'max_depth': 9, 'learning_rate': 0.01}",0.5960591133004925,0.5736747625462124,0.573940441261227,0.5960591133004925
fbk,2nd-order,ambient,"Index(['ambient_temperature', 'ambient_humidity', 'ambient_precipitation',
       'ambient_cloudcover', 'ambient_weekday', 'ambient_temperature_avg_3',
       'ambient_temperature_std_3', 'ambient_temperature_max_3',
       'ambient_temperature_min_3', 'ambient_temperature_delta_3',
       'ambient_temperature_var_3', 'ambient_precipitation_avg_3',
       'ambient_precipitation_std_3', 'ambient_precipitation_max_3',
       'ambient_precipitation_min_3', 'ambient_precipitation_delta_3',
       'ambient_precipitation_var_3', 'ambient_humidity_avg_3',
       'ambient_humidity_std_3', 'ambient_humidity_max_3',
       'ambient_humidity_min_3', 'ambient_humidity_delta_3',
       'ambient_humidity_var_3', 'ambient_cloudcover_avg_3'],
      dtype='object')",3,RF,"{'n_estimators': 180, 'max_depth': 9, 'criterion': 'gini'}",0.5645879396984924,0.5497945432156492,0.5547949336218644,0.5645879396984924
fbk,2nd-order,ambient,"Index(['ambient_temperature', 'ambient_humidity', 'ambient_precipitation',
       'ambient_cloudcover', 'ambient_weekday', 'ambient_temperature_avg_3',
       'ambient_temperature_std_3', 'ambient_temperature_max_3',
       'ambient_temperature_min_3', 'ambient_temperature_delta_3',
       'ambient_temperature_var_3', 'ambient_precipitation_std_3',
       'ambient_precipitation_min_3', 'ambient_precipitation_delta_3',
       'ambient_precipitation_var_3', 'ambient_humidity_avg_3',
       'ambient_humidity_max_3', 'ambient_humidity_min_3',
       'ambient_humidity_var_3'],
      dtype='object')",3,xGB,"{'n_estimators': 140, 'max_depth': 9, 'learning_rate': 0.01}",0.5725929648241206,0.5586882156423678,0.557547600176229,0.5725929648241206
fbk,2nd-order,ambient,"Index(['ambient_temperature', 'ambient_humidity', 'ambient_cloudcover',
       'ambient_weekday', 'ambient_temperature_avg_4',
       'ambient_temperature_std_4', 'ambient_temperature_max_4',
       'ambient_temperature_min_4', 'ambient_temperature_delta_4',
       'ambient_temperature_var_4', 'ambient_precipitation_std_4',
       'ambient_precipitation_max_4', 'ambient_precipitation_min_4',
       'ambient_precipitation_delta_4', 'ambient_precipitation_var_4',
       'ambient_humidity_avg_4', 'ambient_humidity_std_4',
       'ambient_humidity_max_4', 'ambient_humidity_min_4',
       'ambient_humidity_delta_4', 'ambient_humidity_var_4',
       'ambient_cloudcover_avg_4', 'ambient_cloudcover_std_4',
       'ambient_cloudcover_max_4'],
      dtype='object')",4,RF,"{'n_estimators': 180, 'max_depth': 9, 'criterion': 'gini'}",0.586939800224347,0.5778275892649998,0.5782137106836971,0.586939800224347
fbk,2nd-order,ambient,"Index(['ambient_temperature', 'ambient_cloudcover',
       'ambient_temperature_max_4', 'ambient_temperature_min_4',
       'ambient_temperature_delta_4', 'ambient_precipitation_min_4',
       'ambient_precipitation_delta_4', 'ambient_precipitation_var_4',
       'ambient_humidity_avg_4', 'ambient_humidity_var_4',
       'ambient_cloudcover_avg_4', 'ambient_cloudcover_std_4'],
      dtype='object')",4,xGB,"{'n_estimators': 100, 'max_depth': 5, 'learning_rate': 0.1}",0.5962395171198119,0.591303427084466,0.5905671360908445,0.5962395171198119
fbk,2nd-order,ambient,"Index(['ambient_temperature', 'ambient_humidity', 'ambient_precipitation',
       'ambient_cloudcover', 'ambient_weekday', 'ambient_temperature_avg_5',
       'ambient_temperature_std_5', 'ambient_temperature_max_5',
       'ambient_temperature_min_5', 'ambient_temperature_delta_5',
       'ambient_temperature_var_5', 'ambient_precipitation_avg_5',
       'ambient_precipitation_std_5', 'ambient_precipitation_max_5',
       'ambient_precipitation_min_5', 'ambient_precipitation_delta_5',
       'ambient_precipitation_var_5', 'ambient_humidity_avg_5',
       'ambient_humidity_std_5', 'ambient_humidity_max_5',
       'ambient_humidity_min_5', 'ambient_humidity_delta_5',
       'ambient_humidity_var_5', 'ambient_cloudcover_avg_5',
       'ambient_cloudcover_std_5'],
      dtype='object')",5,RF,"{'n_estimators': 180, 'max_depth': 9, 'criterion': 'gini'}",0.5631108202443281,0.5532662677116384,0.5521332384108519,0.5631108202443281
fbk,2nd-order,ambient,"Index(['ambient_temperature', 'ambient_humidity', 'ambient_cloudcover',
       'ambient_weekday', 'ambient_temperature_avg_5',
       'ambient_temperature_std_5', 'ambient_temperature_max_5',
       'ambient_temperature_min_5', 'ambient_temperature_delta_5',
       'ambient_precipitation_std_5', 'ambient_precipitation_delta_5',
       'ambient_precipitation_var_5', 'ambient_humidity_avg_5',
       'ambient_humidity_std_5', 'ambient_humidity_max_5',
       'ambient_humidity_min_5', 'ambient_humidity_delta_5',
       'ambient_humidity_var_5', 'ambient_cloudcover_avg_5'],
      dtype='object')",5,xGB,"{'n_estimators': 100, 'max_depth': 5, 'learning_rate': 0.1}",0.5849803664921466,0.5791150008884838,0.5777081508662415,0.5849803664921466
fbk,2nd-order,"['individual', 'organizational']","Index(['individual_sleep', 'organizational_workload', 'organizational_control',
       'individual_stress_tolerance', 'organizational_workload_avg_2',
       'organizational_workload_max_2', 'organizational_workload_min_2',
       'organizational_workload_delta_2', 'organizational_control_avg_2',
       'organizational_control_max_2', 'organizational_control_min_2',
       'organizational_control_delta_2',
       'organizational_socialinteraction_avg_2',
       'organizational_socialinteraction_min_2',
       'organizational_socialinteraction_var_2', 'individual_sleep_std_2',
       'individual_sleep_delta_2'],
      dtype='object')",2,RF,"{'n_estimators': 180, 'max_depth': 9, 'criterion': 'gini'}",0.7508694686991267,0.746000790817489,0.7437910526777354,0.7508694686991267
fbk,2nd-order,"['individual', 'organizational']","Index(['organizational_workload', 'organizational_control',
       'individual_stress_tolerance', 'organizational_workload_avg_2',
       'organizational_workload_max_2', 'organizational_workload_min_2',
       'organizational_control_max_2', 'organizational_control_min_2',
       'organizational_control_delta_2', 'individual_sleep_delta_2'],
      dtype='object')",2,xGB,"{'n_estimators': 100, 'max_depth': 4, 'learning_rate': 0.1}",0.7517167381974249,0.7499169427597352,0.7493038477419112,0.7517167381974249
fbk,2nd-order,"['individual', 'organizational']","Index(['individual_sleep', 'organizational_workload', 'organizational_control',
       'individual_stress_tolerance', 'organizational_workload_avg_3',
       'organizational_workload_std_3', 'organizational_workload_min_3',
       'organizational_workload_delta_3', 'organizational_control_avg_3',
       'organizational_control_std_3', 'organizational_control_delta_3',
       'organizational_control_var_3',
       'organizational_socialinteraction_avg_3',
       'organizational_socialinteraction_min_3',
       'organizational_socialinteraction_var_3', 'individual_sleep_min_3',
       'individual_sleep_var_3', 'individual_stress_std_3',
       'individual_stress_max_3', 'individual_stress_var_3'],
      dtype='object')",3,RF,"{'n_estimators': 180, 'max_depth': 9, 'criterion': 'gini'}",0.7450643776824035,0.7388945428645043,0.7369488174533674,0.7450643776824035
fbk,2nd-order,"['individual', 'organizational']","Index(['individual_sleep', 'organizational_workload', 'organizational_control',
       'organizational_socialinteraction', 'individual_stress_tolerance',
       'organizational_workload_avg_3', 'organizational_workload_std_3',
       'organizational_workload_max_3', 'organizational_workload_min_3',
       'organizational_workload_delta_3', 'organizational_control_avg_3',
       'organizational_control_std_3', 'organizational_control_max_3',
       'organizational_control_min_3', 'organizational_control_delta_3',
       'organizational_socialinteraction_max_3',
       'organizational_socialinteraction_min_3',
       'organizational_socialinteraction_var_3', 'individual_sleep_avg_3',
       'individual_sleep_std_3', 'individual_sleep_max_3',
       'individual_sleep_min_3', 'individual_sleep_var_3',
       'individual_stress_avg_3', 'individual_stress_std_3',
       'individual_stress_min_3', 'individual_stress_var_3'],
      dtype='object')",3,xGB,"{'n_estimators': 100, 'max_depth': 5, 'learning_rate': 0.1}",0.7527896995708154,0.7494182459685501,0.7488776895788714,0.7527896995708154
fbk,2nd-order,"['individual', 'organizational']","Index(['individual_sleep', 'organizational_workload', 'organizational_control',
       'individual_stress_tolerance', 'organizational_workload_avg_4',
       'organizational_workload_std_4', 'organizational_workload_max_4',
       'organizational_workload_min_4', 'organizational_workload_delta_4',
       'organizational_workload_var_4', 'organizational_control_avg_4',
       'organizational_control_std_4', 'organizational_control_min_4',
       'organizational_control_delta_4', 'organizational_control_var_4',
       'organizational_socialinteraction_avg_4',
       'organizational_socialinteraction_std_4',
       'organizational_socialinteraction_min_4',
       'organizational_socialinteraction_delta_4',
       'organizational_socialinteraction_var_4', 'individual_sleep_avg_4',
       'individual_sleep_min_4', 'individual_sleep_delta_4',
       'individual_sleep_var_4', 'individual_stress_std_4',
       'individual_stress_max_4', 'individual_stress_min_4',
       'individual_stress_var_4'],
      dtype='object')",4,RF,"{'n_estimators': 180, 'max_depth': 9, 'criterion': 'gini'}",0.7696428571428571,0.7638104741822951,0.7637053799371558,0.7696428571428571
fbk,2nd-order,"['individual', 'organizational']","Index(['organizational_workload', 'organizational_control',
       'organizational_socialinteraction', 'individual_stress_tolerance',
       'organizational_workload_avg_4', 'organizational_workload_std_4',
       'organizational_workload_max_4', 'organizational_workload_delta_4',
       'organizational_control_avg_4', 'organizational_control_max_4',
       'organizational_control_min_4', 'organizational_control_delta_4',
       'organizational_socialinteraction_avg_4',
       'organizational_socialinteraction_min_4',
       'organizational_socialinteraction_var_4', 'individual_sleep_avg_4',
       'individual_sleep_std_4', 'individual_sleep_max_4',
       'individual_sleep_min_4', 'individual_sleep_var_4',
       'individual_stress_max_4', 'individual_stress_var_4'],
      dtype='object')",4,xGB,"{'n_estimators': 100, 'max_depth': 6, 'learning_rate': 0.05}",0.7741071428571429,0.7716741487859793,0.7731197038352328,0.7741071428571429
fbk,2nd-order,"['individual', 'organizational']","Index(['individual_sleep', 'organizational_workload', 'organizational_control',
       'organizational_socialinteraction', 'individual_stress_tolerance',
       'organizational_workload_avg_5', 'organizational_workload_std_5',
       'organizational_workload_max_5', 'organizational_workload_min_5',
       'organizational_workload_delta_5', 'organizational_workload_var_5',
       'organizational_control_avg_5', 'organizational_control_std_5',
       'organizational_control_max_5', 'organizational_control_min_5',
       'organizational_control_delta_5', 'organizational_control_var_5',
       'organizational_socialinteraction_avg_5',
       'organizational_socialinteraction_std_5',
       'organizational_socialinteraction_min_5',
       'organizational_socialinteraction_delta_5',
       'organizational_socialinteraction_var_5', 'individual_sleep_avg_5',
       'individual_sleep_std_5', 'individual_sleep_max_5',
       'individual_sleep_min_5', 'individual_sleep_delta_5',
       'individual_sleep_var_5', 'individual_stress_avg_5',
       'individual_stress_std_5', 'individual_stress_max_5',
       'individual_stress_min_5', 'individual_stress_delta_5',
       'individual_stress_var_5'],
      dtype='object')",5,RF,"{'n_estimators': 180, 'max_depth': 9, 'criterion': 'gini'}",0.7506526265214607,0.7450861054866749,0.7442129489025526,0.7506526265214607
fbk,2nd-order,"['individual', 'organizational']","Index(['individual_sleep', 'organizational_workload', 'organizational_control',
       'organizational_socialinteraction', 'individual_stress_tolerance',
       'organizational_workload_std_5', 'organizational_workload_min_5',
       'organizational_workload_delta_5', 'organizational_control_std_5',
       'organizational_control_max_5', 'organizational_control_delta_5',
       'individual_sleep_avg_5', 'individual_sleep_std_5',
       'individual_sleep_max_5', 'individual_sleep_var_5',
       'individual_stress_std_5', 'individual_stress_min_5',
       'individual_stress_var_5'],
      dtype='object')",5,xGB,"{'n_estimators': 100, 'max_depth': 5, 'learning_rate': 0.1}",0.7578114990390775,0.7565390140241337,0.7561727261014756,0.7578114990390775
fbk,2nd-order,"['individual', 'ambient']","Index(['individual_sleep', 'ambient_humidity', 'individual_stress_tolerance',
       'ambient_weekday', 'individual_sleep_avg_2', 'individual_sleep_max_2',
       'individual_sleep_var_2', 'ambient_temperature_min_2',
       'ambient_temperature_delta_2', 'ambient_precipitation_min_2',
       'ambient_precipitation_delta_2', 'ambient_precipitation_var_2',
       'ambient_humidity_avg_2', 'ambient_humidity_std_2',
       'ambient_humidity_max_2', 'ambient_humidity_delta_2'],
      dtype='object')",2,RF,"{'n_estimators': 180, 'max_depth': 9, 'criterion': 'gini'}",0.725,0.7212343573857769,0.7212106899098103,0.725
fbk,2nd-order,"['individual', 'ambient']","Index(['individual_sleep', 'ambient_temperature', 'ambient_humidity',
       'ambient_cloudcover', 'individual_stress_tolerance', 'ambient_weekday',
       'individual_sleep_avg_2', 'individual_sleep_std_2',
       'individual_sleep_max_2', 'individual_sleep_min_2',
       'ambient_temperature_std_2', 'ambient_temperature_max_2',
       'ambient_temperature_min_2', 'ambient_precipitation_min_2',
       'ambient_precipitation_var_2', 'ambient_humidity_max_2',
       'ambient_humidity_delta_2'],
      dtype='object')",2,xGB,"{'n_estimators': 100, 'max_depth': 5, 'learning_rate': 0.1}",0.725925925925926,0.7233702435638621,0.7231252957492256,0.725925925925926
fbk,2nd-order,"['individual', 'ambient']","Index(['individual_sleep', 'ambient_humidity', 'individual_stress_tolerance',
       'ambient_weekday', 'individual_sleep_avg_3', 'individual_sleep_max_3',
       'individual_sleep_delta_3', 'ambient_temperature_avg_3',
       'ambient_temperature_std_3', 'ambient_temperature_min_3',
       'ambient_temperature_delta_3', 'ambient_precipitation_min_3',
       'ambient_precipitation_delta_3', 'ambient_precipitation_var_3',
       'ambient_humidity_avg_3', 'ambient_humidity_std_3',
       'ambient_humidity_max_3', 'ambient_humidity_min_3',
       'ambient_humidity_var_3', 'ambient_cloudcover_avg_3',
       'ambient_cloudcover_std_3', 'ambient_cloudcover_min_3',
       'ambient_cloudcover_delta_3', 'ambient_cloudcover_var_3',
       'individual_stress_std_3'],
      dtype='object')",3,RF,"{'n_estimators': 180, 'max_depth': 7, 'criterion': 'entropy'}",0.7097674418604651,0.7023493875982972,0.7023955196368624,0.7097674418604651
fbk,2nd-order,"['individual', 'ambient']","Index(['individual_sleep', 'ambient_temperature', 'ambient_cloudcover',
       'individual_stress_tolerance', 'ambient_weekday',
       'individual_sleep_std_3', 'individual_sleep_max_3',
       'individual_sleep_delta_3', 'ambient_temperature_avg_3',
       'ambient_temperature_std_3', 'ambient_temperature_max_3',
       'ambient_temperature_delta_3', 'ambient_temperature_var_3',
       'ambient_precipitation_min_3', 'ambient_precipitation_var_3',
       'ambient_humidity_max_3', 'ambient_humidity_delta_3',
       'ambient_humidity_var_3', 'ambient_cloudcover_std_3',
       'ambient_cloudcover_min_3', 'ambient_cloudcover_var_3',
       'individual_stress_std_3'],
      dtype='object')",3,xGB,"{'n_estimators': 180, 'max_depth': 2, 'learning_rate': 0.1}",0.7079069767441861,0.7037989539709875,0.7035077589328499,0.7079069767441861
fbk,2nd-order,"['individual', 'ambient']","Index(['individual_sleep', 'ambient_temperature', 'ambient_humidity',
       'ambient_precipitation', 'ambient_cloudcover',
       'individual_stress_tolerance', 'ambient_weekday',
       'individual_sleep_avg_4', 'individual_sleep_std_4',
       'individual_sleep_max_4', 'individual_sleep_min_4',
       'individual_sleep_delta_4', 'individual_sleep_var_4',
       'ambient_temperature_avg_4', 'ambient_temperature_std_4',
       'ambient_temperature_max_4', 'ambient_temperature_min_4',
       'ambient_temperature_delta_4', 'ambient_temperature_var_4',
       'ambient_precipitation_avg_4', 'ambient_precipitation_std_4',
       'ambient_precipitation_max_4', 'ambient_precipitation_min_4',
       'ambient_precipitation_delta_4', 'ambient_precipitation_var_4',
       'ambient_humidity_avg_4', 'ambient_humidity_std_4',
       'ambient_humidity_max_4', 'ambient_humidity_min_4',
       'ambient_humidity_delta_4', 'ambient_humidity_var_4',
       'ambient_cloudcover_avg_4', 'ambient_cloudcover_std_4',
       'ambient_cloudcover_max_4', 'ambient_cloudcover_min_4',
       'ambient_cloudcover_delta_4', 'ambient_cloudcover_var_4',
       'individual_stress_avg_4', 'individual_stress_std_4',
       'individual_stress_max_4', 'individual_stress_min_4'],
      dtype='object')",4,RF,"{'n_estimators': 180, 'max_depth': 9, 'criterion': 'gini'}",0.7194570135746606,0.7156146654102759,0.7136200513308192,0.7194570135746606
fbk,2nd-order,"['individual', 'ambient']","Index(['individual_sleep', 'ambient_temperature', 'ambient_humidity',
       'ambient_precipitation', 'individual_stress_tolerance',
       'ambient_weekday', 'individual_sleep_avg_4', 'individual_sleep_std_4',
       'individual_sleep_max_4', 'individual_sleep_min_4',
       'individual_sleep_delta_4', 'ambient_temperature_avg_4',
       'ambient_temperature_std_4', 'ambient_temperature_max_4',
       'ambient_temperature_min_4', 'ambient_temperature_delta_4',
       'ambient_precipitation_min_4', 'ambient_precipitation_delta_4',
       'ambient_precipitation_var_4', 'ambient_humidity_avg_4',
       'ambient_humidity_std_4', 'ambient_humidity_min_4',
       'ambient_humidity_delta_4', 'ambient_humidity_var_4',
       'ambient_cloudcover_avg_4', 'ambient_cloudcover_std_4',
       'ambient_cloudcover_min_4', 'ambient_cloudcover_delta_4',
       'individual_stress_avg_4', 'individual_stress_std_4',
       'individual_stress_min_4'],
      dtype='object')",4,xGB,"{'n_estimators': 140, 'max_depth': 6, 'learning_rate': 0.05}",0.7294117647058823,0.7272398239924353,0.7279730176250008,0.7294117647058823
fbk,2nd-order,"['individual', 'ambient']","Index(['individual_sleep', 'ambient_temperature', 'ambient_humidity',
       'ambient_cloudcover', 'individual_stress_tolerance', 'ambient_weekday',
       'individual_sleep_avg_5', 'individual_sleep_std_5',
       'individual_sleep_max_5', 'individual_sleep_min_5',
       'individual_sleep_delta_5', 'individual_sleep_var_5',
       'ambient_temperature_avg_5', 'ambient_temperature_std_5',
       'ambient_temperature_max_5', 'ambient_temperature_min_5',
       'ambient_temperature_delta_5', 'ambient_temperature_var_5',
       'ambient_precipitation_max_5', 'ambient_precipitation_min_5',
       'ambient_precipitation_delta_5', 'ambient_precipitation_var_5',
       'ambient_humidity_avg_5', 'ambient_humidity_std_5',
       'ambient_humidity_max_5', 'ambient_humidity_min_5',
       'ambient_humidity_delta_5', 'ambient_humidity_var_5',
       'ambient_cloudcover_avg_5', 'ambient_cloudcover_std_5',
       'ambient_cloudcover_max_5', 'ambient_cloudcover_min_5',
       'ambient_cloudcover_delta_5', 'ambient_cloudcover_var_5',
       'individual_stress_avg_5', 'individual_stress_std_5',
       'individual_stress_max_5'],
      dtype='object')",5,RF,"{'n_estimators': 180, 'max_depth': 9, 'criterion': 'gini'}",0.7337984292045105,0.7306702290802548,0.7311916747555978,0.7337984292045105
fbk,2nd-order,"['individual', 'ambient']","Index(['ambient_precipitation', 'individual_stress_tolerance',
       'ambient_weekday', 'ambient_temperature_avg_5',
       'ambient_temperature_std_5', 'ambient_temperature_delta_5',
       'ambient_precipitation_min_5', 'ambient_precipitation_delta_5',
       'ambient_humidity_avg_5', 'ambient_humidity_std_5',
       'ambient_humidity_max_5', 'ambient_humidity_min_5',
       'ambient_humidity_var_5', 'ambient_cloudcover_avg_5',
       'ambient_cloudcover_max_5', 'individual_stress_avg_5',
       'individual_stress_max_5'],
      dtype='object')",5,xGB,"{'n_estimators': 100, 'max_depth': 4, 'learning_rate': 0.05}",0.725409152735729,0.722779756731267,0.7222974223993252,0.725409152735729
fbk,2nd-order,"['organizational', 'ambient']","Index(['organizational_workload', 'organizational_control', 'ambient_humidity',
       'ambient_weekday', 'organizational_workload_avg_2',
       'organizational_workload_max_2', 'organizational_workload_min_2',
       'organizational_workload_delta_2', 'organizational_control_avg_2',
       'organizational_control_max_2', 'organizational_control_min_2',
       'organizational_control_delta_2',
       'organizational_socialinteraction_min_2',
       'organizational_socialinteraction_var_2', 'ambient_temperature_min_2',
       'ambient_precipitation_min_2', 'ambient_precipitation_delta_2',
       'ambient_precipitation_var_2', 'ambient_humidity_avg_2',
       'ambient_humidity_max_2', 'ambient_humidity_min_2'],
      dtype='object')",2,RF,"{'n_estimators': 180, 'max_depth': 9, 'criterion': 'gini'}",0.6907407407407407,0.6789333652032649,0.6863111794717993,0.6907407407407407
fbk,2nd-order,"['organizational', 'ambient']","Index(['organizational_workload', 'organizational_control',
       'organizational_workload_avg_2', 'organizational_workload_max_2',
       'organizational_workload_min_2'],
      dtype='object')",2,xGB,"{'n_estimators': 140, 'max_depth': 9, 'learning_rate': 0.01}",0.6944444444444444,0.6893662000091255,0.6894267998701722,0.6944444444444444
fbk,2nd-order,"['organizational', 'ambient']","Index(['organizational_workload', 'organizational_control', 'ambient_humidity',
       'ambient_weekday', 'organizational_workload_avg_3',
       'organizational_workload_std_3', 'organizational_workload_max_3',
       'organizational_workload_min_3', 'organizational_workload_delta_3',
       'organizational_control_avg_3', 'organizational_control_std_3',
       'organizational_control_max_3', 'organizational_control_min_3',
       'organizational_control_delta_3',
       'organizational_socialinteraction_avg_3',
       'organizational_socialinteraction_std_3',
       'organizational_socialinteraction_delta_3',
       'organizational_socialinteraction_var_3', 'ambient_temperature_avg_3',
       'ambient_temperature_max_3', 'ambient_temperature_min_3',
       'ambient_precipitation_max_3', 'ambient_precipitation_min_3',
       'ambient_precipitation_delta_3', 'ambient_precipitation_var_3',
       'ambient_humidity_avg_3', 'ambient_humidity_std_3',
       'ambient_humidity_max_3', 'ambient_humidity_delta_3',
       'ambient_humidity_var_3'],
      dtype='object')",3,RF,"{'n_estimators': 180, 'max_depth': 9, 'criterion': 'gini'}",0.6860350783948977,0.6769065543509137,0.6802444848792037,0.6860350783948977
fbk,2nd-order,"['organizational', 'ambient']","Index(['organizational_workload', 'organizational_control',
       'ambient_temperature', 'ambient_humidity', 'ambient_precipitation',
       'ambient_cloudcover', 'ambient_weekday',
       'organizational_workload_avg_3', 'organizational_workload_std_3',
       'organizational_workload_min_3', 'organizational_control_std_3',
       'organizational_control_max_3', 'organizational_control_min_3',
       'organizational_control_delta_3',
       'organizational_socialinteraction_avg_3',
       'organizational_socialinteraction_std_3',
       'organizational_socialinteraction_max_3',
       'organizational_socialinteraction_min_3',
       'organizational_socialinteraction_var_3', 'ambient_temperature_avg_3',
       'ambient_temperature_std_3', 'ambient_temperature_min_3',
       'ambient_precipitation_avg_3', 'ambient_precipitation_max_3',
       'ambient_precipitation_min_3', 'ambient_precipitation_delta_3',
       'ambient_precipitation_var_3', 'ambient_humidity_std_3',
       'ambient_humidity_max_3', 'ambient_humidity_delta_3'],
      dtype='object')",3,xGB,"{'n_estimators': 140, 'max_depth': 6, 'learning_rate': 0.05}",0.6719594295331739,0.6701353641739638,0.6711711008566106,0.6719594295331739
fbk,2nd-order,"['organizational', 'ambient']","Index(['organizational_workload', 'organizational_control', 'ambient_humidity',
       'organizational_workload_avg_4', 'organizational_workload_min_4',
       'organizational_workload_delta_4', 'organizational_workload_var_4',
       'organizational_control_avg_4', 'organizational_control_std_4',
       'organizational_control_min_4', 'organizational_control_delta_4',
       'organizational_control_var_4',
       'organizational_socialinteraction_std_4',
       'organizational_socialinteraction_delta_4',
       'organizational_socialinteraction_var_4', 'ambient_temperature_avg_4',
       'ambient_temperature_min_4', 'ambient_precipitation_max_4',
       'ambient_precipitation_min_4', 'ambient_precipitation_var_4',
       'ambient_humidity_avg_4', 'ambient_humidity_std_4',
       'ambient_humidity_max_4', 'ambient_humidity_min_4',
       'ambient_cloudcover_avg_4', 'ambient_cloudcover_std_4'],
      dtype='object')",4,RF,"{'n_estimators': 180, 'max_depth': 9, 'criterion': 'gini'}",0.7001638763397998,0.6916063886294604,0.701605257420863,0.7001638763397998
fbk,2nd-order,"['organizational', 'ambient']","Index(['organizational_workload', 'organizational_control',
       'ambient_temperature', 'ambient_humidity', 'ambient_precipitation',
       'ambient_cloudcover', 'ambient_weekday',
       'organizational_workload_avg_4', 'organizational_workload_std_4',
       'organizational_workload_min_4', 'organizational_control_avg_4',
       'organizational_control_std_4', 'organizational_control_max_4',
       'organizational_control_min_4', 'organizational_control_delta_4',
       'organizational_socialinteraction_avg_4',
       'organizational_socialinteraction_std_4',
       'organizational_socialinteraction_min_4',
       'organizational_socialinteraction_var_4', 'ambient_temperature_avg_4',
       'ambient_temperature_std_4', 'ambient_temperature_max_4',
       'ambient_temperature_min_4', 'ambient_precipitation_max_4',
       'ambient_precipitation_min_4', 'ambient_precipitation_delta_4',
       'ambient_precipitation_var_4', 'ambient_humidity_avg_4',
       'ambient_humidity_max_4', 'ambient_humidity_delta_4',
       'ambient_cloudcover_avg_4'],
      dtype='object')",4,xGB,"{'n_estimators': 140, 'max_depth': 6, 'learning_rate': 0.05}",0.7039418903357251,0.7002098714925011,0.7025034563519335,0.7039418903357251
fbk,2nd-order,"['organizational', 'ambient']","Index(['organizational_workload', 'organizational_control', 'ambient_humidity',
       'ambient_weekday', 'organizational_workload_avg_5',
       'organizational_workload_std_5', 'organizational_workload_max_5',
       'organizational_workload_min_5', 'organizational_workload_delta_5',
       'organizational_workload_var_5', 'organizational_control_avg_5',
       'organizational_control_std_5', 'organizational_control_min_5',
       'organizational_control_delta_5', 'organizational_control_var_5',
       'organizational_socialinteraction_avg_5',
       'organizational_socialinteraction_std_5',
       'organizational_socialinteraction_min_5',
       'organizational_socialinteraction_delta_5',
       'organizational_socialinteraction_var_5', 'ambient_temperature_avg_5',
       'ambient_temperature_max_5', 'ambient_temperature_min_5',
       'ambient_precipitation_max_5', 'ambient_precipitation_min_5',
       'ambient_precipitation_var_5', 'ambient_humidity_avg_5',
       'ambient_humidity_std_5', 'ambient_humidity_max_5',
       'ambient_humidity_var_5', 'ambient_cloudcover_avg_5'],
      dtype='object')",5,RF,"{'n_estimators': 180, 'max_depth': 9, 'criterion': 'gini'}",0.6959720942477293,0.6833379152388958,0.6866602723267249,0.6959720942477293
fbk,2nd-order,"['organizational', 'ambient']","Index(['organizational_workload', 'organizational_control',
       'ambient_temperature', 'ambient_precipitation',
       'organizational_socialinteraction', 'ambient_weekday',
       'organizational_workload_avg_5', 'organizational_workload_std_5',
       'organizational_workload_min_5', 'organizational_workload_delta_5',
       'organizational_control_avg_5', 'organizational_control_std_5',
       'organizational_control_max_5', 'organizational_control_delta_5',
       'organizational_socialinteraction_avg_5',
       'organizational_socialinteraction_std_5',
       'organizational_socialinteraction_min_5',
       'organizational_socialinteraction_var_5', 'ambient_temperature_avg_5',
       'ambient_temperature_max_5', 'ambient_precipitation_delta_5',
       'ambient_precipitation_var_5', 'ambient_humidity_avg_5',
       'ambient_humidity_max_5', 'ambient_humidity_var_5'],
      dtype='object')",5,xGB,"{'n_estimators': 140, 'max_depth': 6, 'learning_rate': 0.05}",0.7072309244877364,0.7034529357193997,0.7031976516805516,0.7072309244877364
fbk,2nd-order,"['individual', 'organizational', 'ambient']","Index(['individual_sleep', 'organizational_workload', 'organizational_control',
       'ambient_temperature', 'ambient_humidity', 'ambient_cloudcover',
       'organizational_socialinteraction', 'individual_stress_tolerance',
       'ambient_weekday', 'organizational_workload_avg_2',
       'organizational_workload_std_2', 'organizational_workload_max_2',
       'organizational_workload_min_2', 'organizational_workload_delta_2',
       'organizational_workload_var_2', 'organizational_control_avg_2',
       'organizational_control_std_2', 'organizational_control_max_2',
       'organizational_control_min_2', 'organizational_control_delta_2',
       'organizational_control_var_2',
       'organizational_socialinteraction_avg_2',
       'organizational_socialinteraction_min_2',
       'organizational_socialinteraction_delta_2',
       'organizational_socialinteraction_var_2', 'individual_sleep_std_2',
       'individual_sleep_delta_2', 'individual_sleep_var_2',
       'ambient_temperature_std_2', 'ambient_temperature_max_2',
       'ambient_temperature_min_2', 'ambient_precipitation_max_2',
       'ambient_precipitation_min_2', 'ambient_precipitation_delta_2',
       'ambient_precipitation_var_2', 'ambient_humidity_avg_2',
       'ambient_humidity_std_2', 'ambient_humidity_max_2',
       'ambient_humidity_min_2'],
      dtype='object')",2,RF,"{'n_estimators': 180, 'max_depth': 9, 'criterion': 'gini'}",0.7356223175965665,0.7245515246107206,0.7249080483671368,0.7356223175965665
fbk,2nd-order,"['individual', 'organizational', 'ambient']","Index(['individual_sleep', 'organizational_workload', 'organizational_control',
       'ambient_temperature', 'ambient_humidity',
       'individual_stress_tolerance', 'ambient_weekday',
       'organizational_workload_avg_2', 'organizational_workload_min_2',
       'organizational_workload_delta_2', 'organizational_control_std_2',
       'organizational_control_min_2', 'organizational_control_delta_2',
       'organizational_socialinteraction_max_2',
       'organizational_socialinteraction_var_2', 'individual_sleep_max_2',
       'individual_sleep_delta_2', 'ambient_temperature_avg_2',
       'ambient_temperature_max_2', 'ambient_precipitation_max_2',
       'ambient_humidity_std_2', 'ambient_humidity_min_2'],
      dtype='object')",2,xGB,"{'n_estimators': 60, 'max_depth': 6, 'learning_rate': 0.05}",0.7278969957081546,0.7240002708735925,0.7218607814045253,0.7278969957081546
fbk,2nd-order,"['individual', 'organizational', 'ambient']","Index(['individual_sleep', 'organizational_workload', 'organizational_control',
       'ambient_temperature', 'ambient_humidity', 'ambient_cloudcover',
       'individual_stress_tolerance', 'ambient_weekday',
       'organizational_workload_avg_3', 'organizational_workload_std_3',
       'organizational_workload_max_3', 'organizational_workload_min_3',
       'organizational_workload_delta_3', 'organizational_workload_var_3',
       'organizational_control_avg_3', 'organizational_control_std_3',
       'organizational_control_max_3', 'organizational_control_min_3',
       'organizational_control_delta_3', 'organizational_control_var_3',
       'organizational_socialinteraction_avg_3',
       'organizational_socialinteraction_std_3',
       'organizational_socialinteraction_min_3',
       'organizational_socialinteraction_delta_3',
       'organizational_socialinteraction_var_3', 'individual_sleep_avg_3',
       'individual_sleep_std_3', 'individual_sleep_max_3',
       'individual_sleep_min_3', 'individual_sleep_var_3',
       'ambient_temperature_avg_3', 'ambient_temperature_max_3',
       'ambient_temperature_min_3', 'ambient_precipitation_max_3',
       'ambient_precipitation_min_3', 'ambient_precipitation_delta_3',
       'ambient_precipitation_var_3', 'ambient_humidity_avg_3',
       'ambient_humidity_std_3', 'ambient_humidity_max_3',
       'ambient_humidity_delta_3', 'ambient_humidity_var_3',
       'ambient_cloudcover_avg_3', 'ambient_cloudcover_max_3',
       'ambient_cloudcover_min_3', 'ambient_cloudcover_delta_3',
       'individual_stress_avg_3'],
      dtype='object')",3,RF,"{'n_estimators': 180, 'max_depth': 9, 'criterion': 'gini'}",0.7227869831318107,0.7123786752915544,0.7111922107756988,0.7227869831318107
fbk,2nd-order,"['individual', 'organizational', 'ambient']","Index(['organizational_workload', 'organizational_control',
       'ambient_temperature', 'individual_stress_tolerance', 'ambient_weekday',
       'organizational_workload_std_3', 'organizational_workload_min_3',
       'organizational_workload_delta_3', 'organizational_control_avg_3',
       'organizational_control_max_3', 'organizational_control_delta_3',
       'organizational_socialinteraction_min_3', 'individual_sleep_std_3',
       'individual_sleep_min_3', 'individual_sleep_var_3',
       'ambient_temperature_max_3', 'ambient_temperature_min_3',
       'ambient_humidity_delta_3', 'ambient_cloudcover_avg_3',
       'ambient_cloudcover_max_3', 'individual_stress_avg_3'],
      dtype='object')",3,xGB,"{'n_estimators': 140, 'max_depth': 6, 'learning_rate': 0.05}",0.7392110762800418,0.7340474302771812,0.7328681703352733,0.7392110762800418
fbk,2nd-order,"['individual', 'organizational', 'ambient']","Index(['individual_sleep', 'organizational_workload', 'organizational_control',
       'ambient_temperature', 'ambient_humidity', 'ambient_precipitation',
       'ambient_cloudcover', 'organizational_socialinteraction',
       'individual_stress_tolerance', 'ambient_weekday',
       'organizational_workload_avg_4', 'organizational_workload_std_4',
       'organizational_workload_max_4', 'organizational_workload_min_4',
       'organizational_workload_delta_4', 'organizational_workload_var_4',
       'organizational_control_avg_4', 'organizational_control_std_4',
       'organizational_control_max_4', 'organizational_control_min_4',
       'organizational_control_delta_4', 'organizational_control_var_4',
       'organizational_socialinteraction_avg_4',
       'organizational_socialinteraction_std_4',
       'organizational_socialinteraction_max_4',
       'organizational_socialinteraction_min_4',
       'organizational_socialinteraction_delta_4',
       'organizational_socialinteraction_var_4', 'individual_sleep_avg_4',
       'individual_sleep_std_4', 'individual_sleep_max_4',
       'individual_sleep_min_4', 'individual_sleep_delta_4',
       'individual_sleep_var_4', 'ambient_temperature_avg_4',
       'ambient_temperature_std_4', 'ambient_temperature_max_4',
       'ambient_temperature_min_4', 'ambient_temperature_delta_4',
       'ambient_temperature_var_4', 'ambient_precipitation_avg_4',
       'ambient_precipitation_std_4', 'ambient_precipitation_max_4',
       'ambient_precipitation_min_4', 'ambient_precipitation_delta_4',
       'ambient_precipitation_var_4', 'ambient_humidity_avg_4',
       'ambient_humidity_std_4', 'ambient_humidity_max_4',
       'ambient_humidity_min_4', 'ambient_humidity_delta_4',
       'ambient_humidity_var_4', 'ambient_cloudcover_avg_4',
       'ambient_cloudcover_std_4', 'ambient_cloudcover_max_4',
       'ambient_cloudcover_min_4', 'ambient_cloudcover_delta_4',
       'ambient_cloudcover_var_4', 'individual_stress_avg_4',
       'individual_stress_std_4', 'individual_stress_max_4'],
      dtype='object')",4,RF,"{'n_estimators': 180, 'max_depth': 9, 'criterion': 'gini'}",0.7461904761904762,0.7385531044904815,0.7397476495211514,0.7461904761904762
fbk,2nd-order,"['individual', 'organizational', 'ambient']","Index(['organizational_workload', 'organizational_control',
       'individual_stress_tolerance', 'ambient_weekday',
       'organizational_workload_avg_4', 'organizational_workload_max_4',
       'organizational_workload_min_4', 'organizational_control_avg_4',
       'organizational_control_min_4', 'organizational_control_delta_4',
       'individual_sleep_avg_4', 'individual_sleep_std_4',
       'individual_sleep_min_4', 'ambient_precipitation_var_4',
       'ambient_cloudcover_max_4', 'individual_stress_max_4'],
      dtype='object')",4,xGB,"{'n_estimators': 100, 'max_depth': 5, 'learning_rate': 0.1}",0.7631269841269841,0.7607978195882993,0.7606440107621195,0.7631269841269841
fbk,2nd-order,"['individual', 'organizational', 'ambient']","Index(['organizational_workload', 'organizational_control', 'ambient_humidity',
       'individual_stress_tolerance', 'organizational_workload_avg_5',
       'organizational_workload_std_5', 'organizational_workload_min_5',
       'organizational_workload_delta_5', 'organizational_workload_var_5',
       'organizational_control_avg_5', 'organizational_control_std_5',
       'organizational_control_delta_5', 'organizational_control_var_5',
       'organizational_socialinteraction_avg_5',
       'organizational_socialinteraction_std_5',
       'organizational_socialinteraction_delta_5',
       'organizational_socialinteraction_var_5', 'individual_sleep_avg_5',
       'individual_sleep_var_5', 'ambient_temperature_avg_5',
       'ambient_temperature_max_5', 'ambient_temperature_min_5',
       'ambient_precipitation_max_5', 'ambient_precipitation_min_5',
       'ambient_precipitation_var_5', 'ambient_humidity_avg_5',
       'ambient_humidity_std_5', 'ambient_humidity_max_5',
       'ambient_humidity_min_5', 'ambient_humidity_var_5',
       'ambient_cloudcover_avg_5', 'ambient_cloudcover_std_5',
       'ambient_cloudcover_max_5', 'ambient_cloudcover_min_5',
       'ambient_cloudcover_delta_5', 'individual_stress_avg_5',
       'individual_stress_std_5'],
      dtype='object')",5,RF,"{'n_estimators': 180, 'max_depth': 9, 'criterion': 'gini'}",0.7628908554572271,0.7564615861429752,0.7555880256998363,0.7628908554572271
fbk,2nd-order,"['individual', 'organizational', 'ambient']","Index(['individual_sleep', 'organizational_workload', 'organizational_control',
       'ambient_temperature', 'ambient_humidity', 'ambient_precipitation',
       'ambient_cloudcover', 'organizational_socialinteraction',
       'individual_stress_tolerance', 'ambient_weekday',
       'organizational_workload_avg_5', 'organizational_workload_std_5',
       'organizational_workload_max_5', 'organizational_workload_min_5',
       'organizational_workload_delta_5', 'organizational_control_avg_5',
       'organizational_control_std_5', 'organizational_control_max_5',
       'organizational_control_min_5', 'organizational_control_delta_5',
       'organizational_socialinteraction_avg_5',
       'organizational_socialinteraction_std_5',
       'organizational_socialinteraction_min_5',
       'organizational_socialinteraction_var_5', 'individual_sleep_avg_5',
       'individual_sleep_std_5', 'individual_sleep_min_5',
       'individual_sleep_var_5', 'ambient_temperature_avg_5',
       'ambient_temperature_max_5', 'ambient_temperature_min_5',
       'ambient_precipitation_max_5', 'ambient_precipitation_min_5',
       'ambient_precipitation_var_5', 'ambient_humidity_avg_5',
       'ambient_humidity_std_5', 'ambient_humidity_max_5',
       'ambient_humidity_min_5', 'ambient_humidity_delta_5',
       'ambient_humidity_var_5', 'ambient_cloudcover_std_5',
       'ambient_cloudcover_max_5', 'ambient_cloudcover_var_5',
       'individual_stress_std_5'],
      dtype='object')",5,xGB,"{'n_estimators': 140, 'max_depth': 6, 'learning_rate': 0.05}",0.7593117010816125,0.7561326525656031,0.7564530048707943,0.7593117010816125
sl,1st-order,individual,"Index(['individual_sleep', 'num_missing', 'percent_missing',
       'individual_stress_tolerance'],
      dtype='object')",1,RF,"{'n_estimators': 180, 'max_depth': 9, 'criterion': 'gini'}",0.8810019841269842,0.8782071832877957,0.8842242341199189,0.8810019841269842
sl,1st-order,individual,"Index(['individual_sleep', 'num_missing', 'percent_missing',
       'individual_stress_tolerance'],
      dtype='object')",1,xGB,"{'n_estimators': 140, 'max_depth': 6, 'learning_rate': 0.05}",0.8810019841269842,0.8790073276424218,0.8854582340381294,0.8810019841269842
sl,1st-order,organizational,"Index(['organizational_workload', 'organizational_socialinteraction',
       'num_missing'],
      dtype='object')",1,RF,"{'n_estimators': 180, 'max_depth': 7, 'criterion': 'entropy'}",0.8129032258064516,0.8091579113923361,0.8110037182542925,0.8129032258064516
sl,1st-order,organizational,"Index(['organizational_workload', 'organizational_socialinteraction',
       'num_missing'],
      dtype='object')",1,xGB,"{'n_estimators': 100, 'max_depth': 5, 'learning_rate': 0.1}",0.8258064516129032,0.8237717927664827,0.8253943194005895,0.8258064516129032
sl,1st-order,ambient,"Index(['num_missing', 'percent_missing', 'ambient_temperature',
       'ambient_humidity', 'ambient_precipitation', 'ambient_cloudcover'],
      dtype='object')",1,RF,"{'n_estimators': 180, 'max_depth': 9, 'criterion': 'gini'}",0.5283060109289618,0.5194406906585524,0.5209125075957871,0.5283060109289618
sl,1st-order,ambient,"Index(['num_missing', 'percent_missing', 'ambient_temperature',
       'ambient_precipitation', 'ambient_cloudcover'],
      dtype='object')",1,xGB,"{'n_estimators': 140, 'max_depth': 6, 'learning_rate': 0.05}",0.5283060109289618,0.5259540417829631,0.5303089469451907,0.5283060109289618
sl,1st-order,"['individual', 'organizational']","Index(['organizational_workload', 'organizational_socialinteraction',
       'num_missing', 'percent_missing', 'individual_stress_tolerance'],
      dtype='object')",1,RF,"{'n_estimators': 180, 'max_depth': 9, 'criterion': 'gini'}",0.8557575757575758,0.8529638561050474,0.8566627675709014,0.8557575757575758
sl,1st-order,"['individual', 'organizational']","Index(['organizational_workload', 'individual_sleep',
       'organizational_socialinteraction', 'percent_missing',
       'individual_stress_tolerance'],
      dtype='object')",1,xGB,"{'n_estimators': 100, 'max_depth': 4, 'learning_rate': 0.05}",0.8374358974358975,0.834200071078782,0.8390282145433441,0.8374358974358975
sl,1st-order,"['individual', 'ambient']","Index(['individual_sleep', 'num_missing', 'percent_missing',
       'ambient_temperature', 'ambient_precipitation', 'ambient_cloudcover',
       'individual_stress_tolerance', 'ambient_weekday'],
      dtype='object')",1,RF,"{'n_estimators': 140, 'max_depth': 5, 'criterion': 'entropy'}",0.8203389830508474,0.8169766034980762,0.8246545836785462,0.8203389830508474
sl,1st-order,"['individual', 'ambient']","Index(['ambient_weekday'], dtype='object')",1,xGB,"{'n_estimators': 140, 'max_depth': 9, 'learning_rate': 0.01}",0.8135593220338982,0.809885601940606,0.8211954135999392,0.8135593220338982
sl,1st-order,"['organizational', 'ambient']","Index(['organizational_workload', 'organizational_socialinteraction',
       'num_missing', 'ambient_cloudcover'],
      dtype='object')",1,RF,"{'n_estimators': 180, 'max_depth': 9, 'criterion': 'gini'}",0.6327742837176799,0.629998367181752,0.6459684713523242,0.6327742837176799
sl,1st-order,"['organizational', 'ambient']","Index(['organizational_workload', 'organizational_socialinteraction',
       'num_missing', 'percent_missing', 'ambient_precipitation'],
      dtype='object')",1,xGB,"{'n_estimators': 100, 'max_depth': 5, 'learning_rate': 0.1}",0.6628232005590495,0.6598869381827157,0.6676882932449736,0.6628232005590495
sl,1st-order,"['individual', 'organizational', 'ambient']","Index(['organizational_workload', 'individual_sleep',
       'organizational_socialinteraction', 'num_missing',
       'ambient_temperature', 'ambient_precipitation', 'ambient_cloudcover',
       'individual_stress_tolerance', 'ambient_weekday'],
      dtype='object')",1,RF,"{'n_estimators': 180, 'max_depth': 9, 'criterion': 'gini'}",0.8192285213325541,0.8151477938613448,0.8243688121374826,0.8192285213325541
sl,1st-order,"['individual', 'organizational', 'ambient']","Index(['ambient_weekday'], dtype='object')",1,xGB,"{'n_estimators': 140, 'max_depth': 9, 'learning_rate': 0.01}",0.7953828170660432,0.7922546529820097,0.8044416225236974,0.7953828170660432
sl,2nd-order,individual,"Index(['individual_sleep', 'num_missing', 'percent_missing',
       'individual_stress_tolerance', 'individual_sleep_max_2',
       'individual_sleep_min_2', 'individual_sleep_delta_2',
       'individual_sleep_var_2'],
      dtype='object')",2,RF,"{'n_estimators': 100, 'max_depth': 4, 'criterion': 'gini'}",0.8485096153846154,0.8474008903002638,0.8534675323214487,0.8485096153846154
sl,2nd-order,individual,"Index(['individual_sleep', 'num_missing', 'percent_missing',
       'individual_stress_tolerance', 'individual_sleep_avg_2',
       'individual_sleep_std_2', 'individual_sleep_max_2',
       'individual_sleep_min_2', 'individual_sleep_var_2'],
      dtype='object')",2,xGB,"{'n_estimators': 100, 'max_depth': 5, 'learning_rate': 0.1}",0.8514903846153846,0.8499322190954531,0.8568911889427697,0.8514903846153846
sl,2nd-order,individual,"Index(['individual_stress_delta_3'], dtype='object')",3,RF,"{'n_estimators': 140, 'max_depth': 5, 'criterion': 'gini'}",0.8519579193454121,0.8455373518487843,0.8643211755842873,0.8519579193454121
sl,2nd-order,individual,"Index(['individual_stress_delta_3'], dtype='object')",3,xGB,"{'n_estimators': 140, 'max_depth': 9, 'learning_rate': 0.01}",0.8519579193454121,0.8455373518487843,0.8643211755842873,0.8519579193454121
sl,2nd-order,individual,"Index(['num_missing', 'percent_missing', 'individual_stress_tolerance',
       'individual_sleep_avg_4', 'individual_sleep_min_4',
       'individual_sleep_delta_4', 'individual_sleep_var_4',
       'individual_stress_avg_4', 'individual_stress_std_4',
       'individual_stress_max_4', 'individual_stress_min_4',
       'individual_stress_delta_4'],
      dtype='object')",4,RF,"{'n_estimators': 100, 'max_depth': 6, 'criterion': 'entropy'}",0.8628571428571428,0.8595285878717357,0.8747813743600024,0.8628571428571428
sl,2nd-order,individual,"Index(['individual_stress_delta_4'], dtype='object')",4,xGB,"{'n_estimators': 140, 'max_depth': 9, 'learning_rate': 0.01}",0.8519480519480519,0.8479412444851656,0.8669321796216206,0.8519480519480519
sl,2nd-order,individual,"Index(['individual_sleep', 'num_missing', 'percent_missing',
       'individual_stress_tolerance', 'individual_sleep_avg_5',
       'individual_sleep_min_5', 'individual_sleep_delta_5',
       'individual_sleep_var_5', 'individual_stress_avg_5',
       'individual_stress_std_5', 'individual_stress_max_5',
       'individual_stress_min_5', 'individual_stress_delta_5'],
      dtype='object')",5,RF,"{'n_estimators': 100, 'max_depth': 6, 'criterion': 'entropy'}",0.8515102040816327,0.8473440729830422,0.8559219194883791,0.8515102040816327
sl,2nd-order,individual,"Index(['percent_missing', 'individual_sleep_avg_5', 'individual_stress_min_5',
       'individual_stress_delta_5'],
      dtype='object')",5,xGB,"{'n_estimators': 100, 'max_depth': 5, 'learning_rate': 0.1}",0.8435102040816327,0.8412889079868873,0.8446466439256355,0.8435102040816327
sl,2nd-order,organizational,"Index(['num_missing', 'percent_missing', 'organizational_workload_delta_2',
       'organizational_socialinteraction_avg_2'],
      dtype='object')",2,RF,"{'n_estimators': 180, 'max_depth': 9, 'criterion': 'gini'}",0.7611864406779661,0.7613532162348294,0.7655557172440652,0.7611864406779661
sl,2nd-order,organizational,"Index(['organizational_workload', 'organizational_socialinteraction',
       'num_missing', 'percent_missing', 'organizational_workload_avg_2',
       'organizational_workload_std_2', 'organizational_workload_max_2',
       'organizational_workload_delta_2',
       'organizational_socialinteraction_avg_2',
       'organizational_socialinteraction_std_2'],
      dtype='object')",2,xGB,"{'n_estimators': 100, 'max_depth': 5, 'learning_rate': 0.1}",0.7412429378531074,0.7411552923054697,0.752885922990443,0.7412429378531074
sl,2nd-order,organizational,"Index(['organizational_workload', 'organizational_socialinteraction',
       'num_missing', 'percent_missing', 'organizational_workload_avg_3',
       'organizational_workload_std_3', 'organizational_workload_max_3',
       'organizational_workload_min_3', 'organizational_workload_delta_3',
       'organizational_workload_var_3',
       'organizational_socialinteraction_avg_3',
       'organizational_socialinteraction_std_3',
       'organizational_socialinteraction_max_3',
       'organizational_socialinteraction_min_3'],
      dtype='object')",3,RF,"{'n_estimators': 180, 'max_depth': 9, 'criterion': 'gini'}",0.7454545454545455,0.743394541275862,0.7473145139738857,0.7454545454545455
sl,2nd-order,organizational,"Index(['organizational_workload', 'organizational_socialinteraction',
       'num_missing', 'percent_missing', 'organizational_workload_avg_3',
       'organizational_workload_max_3', 'organizational_workload_min_3',
       'organizational_workload_delta_3', 'organizational_workload_var_3',
       'organizational_socialinteraction_avg_3',
       'organizational_socialinteraction_std_3'],
      dtype='object')",3,xGB,"{'n_estimators': 100, 'max_depth': 5, 'learning_rate': 0.1}",0.7383116883116884,0.7366689774333351,0.7414325781524024,0.7383116883116884
sl,2nd-order,organizational,"Index(['organizational_workload', 'organizational_socialinteraction',
       'num_missing', 'percent_missing', 'organizational_workload_avg_4',
       'organizational_workload_std_4', 'organizational_workload_max_4',
       'organizational_workload_min_4', 'organizational_workload_delta_4',
       'organizational_workload_var_4',
       'organizational_socialinteraction_avg_4',
       'organizational_socialinteraction_std_4',
       'organizational_socialinteraction_max_4',
       'organizational_socialinteraction_min_4'],
      dtype='object')",4,RF,"{'n_estimators': 180, 'max_depth': 9, 'criterion': 'gini'}",0.7708595387840671,0.77171187942888,0.7791753521821309,0.7708595387840671
sl,2nd-order,organizational,"Index(['organizational_workload', 'num_missing', 'percent_missing',
       'organizational_workload_avg_4', 'organizational_workload_std_4',
       'organizational_workload_max_4', 'organizational_workload_min_4',
       'organizational_workload_delta_4',
       'organizational_socialinteraction_std_4',
       'organizational_socialinteraction_max_4'],
      dtype='object')",4,xGB,"{'n_estimators': 140, 'max_depth': 6, 'learning_rate': 0.05}",0.7104821802935011,0.7098159563286548,0.7168717606588572,0.7104821802935011
sl,2nd-order,organizational,"Index(['organizational_workload', 'organizational_socialinteraction',
       'num_missing', 'percent_missing', 'organizational_workload_avg_5',
       'organizational_workload_max_5', 'organizational_workload_min_5',
       'organizational_workload_delta_5', 'organizational_workload_var_5',
       'organizational_socialinteraction_std_5',
       'organizational_socialinteraction_max_5'],
      dtype='object')",5,RF,"{'n_estimators': 180, 'max_depth': 9, 'criterion': 'gini'}",0.7476063829787234,0.7437522216733855,0.757173506629093,0.7476063829787234
sl,2nd-order,organizational,"Index(['organizational_workload', 'organizational_socialinteraction',
       'num_missing', 'organizational_workload_avg_5',
       'organizational_workload_max_5', 'organizational_workload_min_5',
       'organizational_workload_delta_5', 'organizational_workload_var_5',
       'organizational_socialinteraction_avg_5',
       'organizational_socialinteraction_std_5',
       'organizational_socialinteraction_max_5'],
      dtype='object')",5,xGB,"{'n_estimators': 140, 'max_depth': 6, 'learning_rate': 0.05}",0.7391843971631206,0.7390060891236342,0.7523534040516616,0.7391843971631206
sl,2nd-order,ambient,"Index(['num_missing'], dtype='object')",2,RF,"{'n_estimators': 180, 'max_depth': 7, 'criterion': 'entropy'}",0.5335148215366001,0.5242283317101852,0.5522520125289756,0.5335148215366001
sl,2nd-order,ambient,"Index(['num_missing', 'ambient_temperature', 'ambient_precipitation',
       'ambient_cloudcover', 'ambient_weekday', 'ambient_temperature_max_2',
       'ambient_temperature_delta_2'],
      dtype='object')",2,xGB,"{'n_estimators': 140, 'max_depth': 6, 'learning_rate': 0.05}",0.5258318209316395,0.5240975524551319,0.5315096256838544,0.5258318209316395
sl,2nd-order,ambient,"Index(['num_missing', 'ambient_temperature', 'ambient_precipitation',
       'ambient_cloudcover'],
      dtype='object')",3,RF,"{'n_estimators': 180, 'max_depth': 9, 'criterion': 'gini'}",0.5716498316498315,0.5622344393398486,0.5647411337842208,0.5716498316498315
sl,2nd-order,ambient,"Index(['num_missing', 'percent_missing', 'ambient_temperature',
       'ambient_precipitation', 'ambient_cloudcover', 'ambient_weekday',
       'ambient_temperature_max_3', 'ambient_temperature_min_3'],
      dtype='object')",3,xGB,"{'n_estimators': 140, 'max_depth': 6, 'learning_rate': 0.05}",0.5934680134680135,0.5857030538319397,0.5863528406768861,0.5934680134680135
sl,2nd-order,ambient,"Index(['num_missing', 'ambient_temperature', 'ambient_precipitation',
       'ambient_cloudcover'],
      dtype='object')",4,RF,"{'n_estimators': 180, 'max_depth': 9, 'criterion': 'gini'}",0.5823529411764705,0.579940311566236,0.5837742040717542,0.5823529411764705
sl,2nd-order,ambient,"Index(['num_missing', 'percent_missing', 'ambient_temperature',
       'ambient_humidity', 'ambient_precipitation', 'ambient_cloudcover',
       'ambient_weekday', 'ambient_temperature_std_4',
       'ambient_temperature_min_4'],
      dtype='object')",4,xGB,"{'n_estimators': 140, 'max_depth': 9, 'learning_rate': 0.01}",0.6103529411764705,0.6109212283349563,0.6153344076741571,0.6103529411764705
sl,2nd-order,ambient,"Index(['num_missing', 'percent_missing', 'ambient_temperature',
       'ambient_humidity', 'ambient_precipitation', 'ambient_cloudcover',
       'ambient_weekday', 'ambient_temperature_std_5',
       'ambient_temperature_min_5'],
      dtype='object')",5,RF,"{'n_estimators': 100, 'max_depth': 6, 'criterion': 'entropy'}",0.6166666666666667,0.6086639873280613,0.6170433202566354,0.6166666666666667
sl,2nd-order,ambient,"Index(['num_missing', 'percent_missing', 'ambient_temperature',
       'ambient_precipitation', 'ambient_cloudcover', 'ambient_weekday',
       'ambient_temperature_std_5', 'ambient_temperature_min_5'],
      dtype='object')",5,xGB,"{'n_estimators': 100, 'max_depth': 6, 'learning_rate': 0.05}",0.6041666666666667,0.5988473967552914,0.6045614363435655,0.6041666666666667
sl,2nd-order,"['individual', 'organizational']","Index(['organizational_socialinteraction', 'num_missing', 'percent_missing',
       'individual_stress_tolerance', 'organizational_workload_avg_2',
       'organizational_workload_std_2', 'organizational_workload_max_2',
       'organizational_workload_min_2', 'organizational_workload_delta_2',
       'organizational_socialinteraction_avg_2',
       'organizational_socialinteraction_std_2',
       'organizational_socialinteraction_max_2',
       'organizational_socialinteraction_min_2',
       'organizational_socialinteraction_delta_2', 'individual_sleep_std_2',
       'individual_sleep_max_2', 'individual_sleep_delta_2'],
      dtype='object')",2,RF,"{'n_estimators': 140, 'max_depth': 5, 'criterion': 'gini'}",0.8352459016393443,0.8351538796954312,0.8417383275282072,0.8352459016393443
sl,2nd-order,"['individual', 'organizational']","Index(['percent_missing', 'organizational_workload_avg_2',
       'organizational_workload_max_2', 'organizational_workload_min_2',
       'organizational_workload_var_2',
       'organizational_socialinteraction_max_2',
       'organizational_socialinteraction_delta_2',
       'organizational_socialinteraction_var_2', 'individual_sleep_max_2',
       'individual_sleep_delta_2'],
      dtype='object')",2,xGB,"{'n_estimators': 140, 'max_depth': 6, 'learning_rate': 0.05}",0.825136612021858,0.8256427206405403,0.8326615323605774,0.825136612021858
sl,2nd-order,"['individual', 'organizational']","Index(['organizational_workload', 'individual_sleep',
       'organizational_socialinteraction', 'num_missing', 'percent_missing',
       'individual_stress_tolerance', 'organizational_workload_avg_3',
       'organizational_workload_std_3', 'organizational_workload_max_3',
       'organizational_workload_min_3', 'organizational_workload_delta_3',
       'organizational_workload_var_3',
       'organizational_socialinteraction_avg_3',
       'organizational_socialinteraction_std_3',
       'organizational_socialinteraction_max_3',
       'organizational_socialinteraction_min_3',
       'organizational_socialinteraction_delta_3',
       'organizational_socialinteraction_var_3', 'individual_sleep_std_3',
       'individual_sleep_max_3', 'individual_sleep_min_3',
       'individual_sleep_delta_3', 'individual_sleep_var_3',
       'individual_stress_avg_3', 'individual_stress_std_3',
       'individual_stress_max_3', 'individual_stress_min_3'],
      dtype='object')",3,RF,"{'n_estimators': 60, 'max_depth': 2, 'criterion': 'gini'}",0.8281122150789011,0.8248204334726642,0.835161587359367,0.8281122150789011
sl,2nd-order,"['individual', 'organizational']","Index(['individual_sleep', 'percent_missing', 'organizational_workload_avg_3',
       'organizational_socialinteraction_max_3',
       'organizational_socialinteraction_delta_3',
       'organizational_socialinteraction_var_3', 'individual_sleep_std_3',
       'individual_sleep_var_3', 'individual_stress_avg_3',
       'individual_stress_min_3'],
      dtype='object')",3,xGB,"{'n_estimators': 100, 'max_depth': 4, 'learning_rate': 0.05}",0.8382817066043249,0.8343724964752065,0.840881848781938,0.8382817066043249
sl,2nd-order,"['individual', 'organizational']","Index(['organizational_workload', 'num_missing', 'percent_missing',
       'individual_stress_tolerance', 'organizational_workload_avg_4',
       'organizational_workload_min_4', 'organizational_workload_delta_4',
       'organizational_workload_var_4',
       'organizational_socialinteraction_max_4',
       'organizational_socialinteraction_min_4',
       'organizational_socialinteraction_delta_4',
       'organizational_socialinteraction_var_4', 'individual_sleep_min_4',
       'individual_sleep_delta_4', 'individual_sleep_var_4',
       'individual_stress_avg_4', 'individual_stress_std_4',
       'individual_stress_max_4', 'individual_stress_min_4'],
      dtype='object')",4,RF,"{'n_estimators': 140, 'max_depth': 5, 'criterion': 'entropy'}",0.8096969696969698,0.8074364671869125,0.8189699228650369,0.8096969696969698
sl,2nd-order,"['individual', 'organizational']","Index(['individual_stress_min_4'], dtype='object')",4,xGB,"{'n_estimators': 140, 'max_depth': 9, 'learning_rate': 0.01}",0.8095622895622896,0.8068864534016887,0.8195786220281223,0.8095622895622896
sl,2nd-order,"['individual', 'organizational']","Index(['individual_stress_max_5'], dtype='object')",5,RF,"{'n_estimators': 140, 'max_depth': 5, 'criterion': 'gini'}",0.8033182503770739,0.7978944201040186,0.8095144163514785,0.8033182503770739
sl,2nd-order,"['individual', 'organizational']","Index(['percent_missing', 'individual_stress_max_5'], dtype='object')",5,xGB,"{'n_estimators': 60, 'max_depth': 3, 'learning_rate': 0.01}",0.8071644042232279,0.802717450378241,0.8111855004604049,0.8071644042232279
sl,2nd-order,"['individual', 'ambient']","Index(['individual_sleep', 'num_missing', 'ambient_temperature',
       'ambient_precipitation', 'ambient_cloudcover',
       'individual_stress_tolerance', 'ambient_weekday',
       'individual_sleep_avg_2', 'individual_sleep_std_2',
       'individual_sleep_max_2', 'individual_sleep_min_2',
       'individual_sleep_delta_2', 'individual_sleep_var_2',
       'ambient_temperature_std_2', 'ambient_temperature_max_2',
       'ambient_temperature_delta_2', 'ambient_temperature_var_2'],
      dtype='object')",2,RF,"{'n_estimators': 100, 'max_depth': 5, 'criterion': 'gini'}",0.8264757451782583,0.8251831580780363,0.8357943908339787,0.8264757451782583
sl,2nd-order,"['individual', 'ambient']","Index(['individual_sleep', 'num_missing', 'percent_missing',
       'ambient_temperature', 'ambient_humidity', 'ambient_precipitation',
       'ambient_cloudcover', 'individual_stress_tolerance', 'ambient_weekday',
       'individual_sleep_avg_2', 'individual_sleep_std_2',
       'individual_sleep_max_2', 'individual_sleep_min_2',
       'individual_sleep_var_2', 'ambient_temperature_std_2',
       'ambient_temperature_max_2', 'ambient_temperature_delta_2',
       'ambient_temperature_var_2'],
      dtype='object')",2,xGB,"{'n_estimators': 100, 'max_depth': 5, 'learning_rate': 0.1}",0.8162478082992403,0.8137956304880577,0.8235439980088634,0.8162478082992403
sl,2nd-order,"['individual', 'ambient']","Index(['individual_sleep', 'num_missing', 'percent_missing',
       'ambient_temperature', 'ambient_humidity', 'ambient_precipitation',
       'ambient_cloudcover', 'individual_stress_tolerance', 'ambient_weekday',
       'individual_sleep_avg_3', 'individual_sleep_std_3',
       'individual_sleep_max_3', 'individual_sleep_min_3',
       'individual_sleep_delta_3', 'individual_sleep_var_3',
       'ambient_temperature_avg_3', 'ambient_temperature_max_3',
       'ambient_temperature_min_3', 'ambient_temperature_delta_3',
       'ambient_temperature_var_3', 'ambient_precipitation_avg_3',
       'ambient_precipitation_std_3', 'ambient_precipitation_max_3',
       'ambient_precipitation_min_3', 'ambient_precipitation_delta_3',
       'ambient_precipitation_var_3'],
      dtype='object')",3,RF,"{'n_estimators': 180, 'max_depth': 9, 'criterion': 'gini'}",0.8548699334543255,0.849153118459458,0.8670617928680902,0.8548699334543255
sl,2nd-order,"['individual', 'ambient']","Index(['individual_sleep', 'num_missing', 'percent_missing',
       'ambient_temperature', 'ambient_humidity', 'ambient_cloudcover',
       'individual_stress_tolerance', 'ambient_weekday',
       'individual_sleep_avg_3', 'individual_sleep_max_3',
       'individual_sleep_min_3', 'ambient_temperature_min_3',
       'ambient_temperature_var_3', 'ambient_precipitation_avg_3',
       'ambient_precipitation_max_3', 'ambient_precipitation_min_3',
       'ambient_precipitation_delta_3', 'ambient_precipitation_var_3'],
      dtype='object')",3,xGB,"{'n_estimators': 100, 'max_depth': 6, 'learning_rate': 0.05}",0.8408953418027828,0.8364688747605864,0.8462801978831658,0.8408953418027828
sl,2nd-order,"['individual', 'ambient']","Index(['individual_sleep', 'num_missing', 'percent_missing',
       'ambient_temperature', 'ambient_humidity', 'ambient_precipitation',
       'ambient_cloudcover', 'individual_stress_tolerance', 'ambient_weekday',
       'individual_sleep_avg_4', 'individual_sleep_std_4',
       'individual_sleep_max_4', 'individual_sleep_min_4',
       'individual_sleep_delta_4', 'individual_sleep_var_4',
       'ambient_temperature_avg_4', 'ambient_temperature_std_4',
       'ambient_temperature_min_4', 'ambient_temperature_delta_4',
       'ambient_temperature_var_4', 'ambient_precipitation_avg_4',
       'ambient_precipitation_std_4', 'ambient_precipitation_max_4',
       'ambient_precipitation_min_4'],
      dtype='object')",4,RF,"{'n_estimators': 100, 'max_depth': 5, 'criterion': 'gini'}",0.8243097643097643,0.8216539103192719,0.8276643088211715,0.8243097643097643
sl,2nd-order,"['individual', 'ambient']","Index(['ambient_precipitation_min_4'], dtype='object')",4,xGB,"{'n_estimators': 140, 'max_depth': 9, 'learning_rate': 0.01}",0.8133333333333332,0.808885576158675,0.8161783951629152,0.8133333333333332
sl,2nd-order,"['individual', 'ambient']","Index(['ambient_precipitation_min_5'], dtype='object')",5,RF,"{'n_estimators': 140, 'max_depth': 5, 'criterion': 'gini'}",0.8153846153846154,0.811043885777716,0.8288276381870094,0.8153846153846154
sl,2nd-order,"['individual', 'ambient']","Index(['ambient_cloudcover', 'ambient_temperature_min_5',
       'ambient_precipitation_min_5'],
      dtype='object')",5,xGB,"{'n_estimators': 100, 'max_depth': 5, 'learning_rate': 0.01}",0.8192307692307692,0.8154651140766564,0.8291592318533259,0.8192307692307692
sl,2nd-order,"['organizational', 'ambient']","Index(['organizational_workload', 'organizational_socialinteraction',
       'num_missing', 'percent_missing', 'ambient_temperature',
       'ambient_humidity', 'ambient_precipitation', 'ambient_cloudcover',
       'ambient_weekday', 'organizational_workload_avg_2',
       'organizational_workload_std_2', 'organizational_workload_max_2',
       'organizational_workload_min_2', 'organizational_workload_delta_2',
       'organizational_workload_var_2',
       'organizational_socialinteraction_avg_2',
       'organizational_socialinteraction_std_2',
       'organizational_socialinteraction_max_2',
       'organizational_socialinteraction_min_2',
       'organizational_socialinteraction_delta_2',
       'organizational_socialinteraction_var_2', 'ambient_temperature_avg_2',
       'ambient_temperature_std_2', 'ambient_temperature_max_2',
       'ambient_temperature_min_2'],
      dtype='object')",2,RF,"{'n_estimators': 180, 'max_depth': 9, 'criterion': 'gini'}",0.7030165912518853,0.7038866229387959,0.7167532107577357,0.7030165912518853
sl,2nd-order,"['organizational', 'ambient']","Index(['organizational_workload', 'organizational_socialinteraction',
       'num_missing', 'percent_missing', 'ambient_weekday',
       'organizational_workload_avg_2', 'organizational_workload_std_2',
       'organizational_workload_max_2', 'organizational_workload_delta_2',
       'organizational_workload_var_2',
       'organizational_socialinteraction_avg_2',
       'organizational_socialinteraction_std_2',
       'organizational_socialinteraction_max_2', 'ambient_temperature_std_2',
       'ambient_temperature_min_2'],
      dtype='object')",2,xGB,"{'n_estimators': 140, 'max_depth': 6, 'learning_rate': 0.05}",0.7108597285067874,0.7079448288846617,0.7213473628767746,0.7108597285067874
sl,2nd-order,"['organizational', 'ambient']","Index(['organizational_workload', 'organizational_socialinteraction',
       'num_missing', 'ambient_cloudcover', 'ambient_weekday',
       'organizational_workload_max_3', 'organizational_workload_min_3',
       'organizational_workload_delta_3', 'organizational_workload_var_3',
       'organizational_socialinteraction_avg_3'],
      dtype='object')",3,RF,"{'n_estimators': 180, 'max_depth': 7, 'criterion': 'entropy'}",0.6523049645390071,0.6514315119549942,0.6597572661488942,0.6523049645390071
sl,2nd-order,"['organizational', 'ambient']","Index(['organizational_workload', 'organizational_socialinteraction',
       'num_missing', 'organizational_workload_max_3',
       'organizational_workload_min_3',
       'organizational_socialinteraction_avg_3', 'ambient_temperature_std_3',
       'ambient_temperature_max_3', 'ambient_temperature_delta_3'],
      dtype='object')",3,xGB,"{'n_estimators': 100, 'max_depth': 5, 'learning_rate': 0.1}",0.7074468085106382,0.7064947551573132,0.713846454840686,0.7074468085106382
sl,2nd-order,"['organizational', 'ambient']","Index(['organizational_socialinteraction', 'num_missing',
       'ambient_temperature', 'ambient_cloudcover', 'ambient_weekday',
       'organizational_workload_avg_4', 'organizational_workload_std_4',
       'organizational_workload_max_4', 'organizational_workload_min_4',
       'organizational_workload_delta_4', 'organizational_workload_var_4',
       'organizational_socialinteraction_avg_4',
       'organizational_socialinteraction_std_4',
       'organizational_socialinteraction_max_4',
       'organizational_socialinteraction_min_4'],
      dtype='object')",4,RF,"{'n_estimators': 180, 'max_depth': 9, 'criterion': 'gini'}",0.6745567375886525,0.6711479140150706,0.6821726687936095,0.6745567375886525
sl,2nd-order,"['organizational', 'ambient']","Index(['organizational_socialinteraction', 'num_missing',
       'ambient_temperature', 'ambient_weekday',
       'organizational_workload_max_4', 'organizational_workload_min_4',
       'organizational_workload_delta_4', 'organizational_workload_var_4',
       'organizational_socialinteraction_avg_4',
       'organizational_socialinteraction_std_4',
       'organizational_socialinteraction_delta_4',
       'ambient_temperature_max_4'],
      dtype='object')",4,xGB,"{'n_estimators': 140, 'max_depth': 6, 'learning_rate': 0.05}",0.7044326241134752,0.6963206225466358,0.7059781280199126,0.7044326241134752
sl,2nd-order,"['organizational', 'ambient']","Index(['organizational_workload', 'organizational_socialinteraction',
       'num_missing', 'ambient_temperature', 'ambient_precipitation',
       'ambient_cloudcover', 'ambient_weekday',
       'organizational_workload_avg_5', 'organizational_workload_std_5',
       'organizational_workload_max_5', 'organizational_workload_min_5',
       'organizational_workload_delta_5', 'organizational_workload_var_5',
       'organizational_socialinteraction_avg_5',
       'organizational_socialinteraction_std_5',
       'organizational_socialinteraction_max_5',
       'organizational_socialinteraction_min_5',
       'organizational_socialinteraction_var_5', 'ambient_temperature_std_5'],
      dtype='object')",5,RF,"{'n_estimators': 180, 'max_depth': 9, 'criterion': 'gini'}",0.6794202898550724,0.6761568918376699,0.7124541069164934,0.6794202898550724
sl,2nd-order,"['organizational', 'ambient']","Index(['organizational_workload', 'organizational_socialinteraction',
       'num_missing', 'percent_missing', 'ambient_temperature',
       'ambient_humidity', 'ambient_precipitation', 'ambient_cloudcover',
       'ambient_weekday', 'organizational_workload_avg_5',
       'organizational_workload_std_5', 'organizational_workload_max_5',
       'organizational_workload_min_5', 'organizational_workload_delta_5',
       'organizational_workload_var_5',
       'organizational_socialinteraction_avg_5',
       'organizational_socialinteraction_std_5',
       'organizational_socialinteraction_max_5',
       'organizational_socialinteraction_min_5',
       'organizational_socialinteraction_var_5', 'ambient_temperature_std_5'],
      dtype='object')",5,xGB,"{'n_estimators': 140, 'max_depth': 6, 'learning_rate': 0.05}",0.6842512077294687,0.683476005026405,0.7028854862991636,0.6842512077294687
sl,2nd-order,"['individual', 'organizational', 'ambient']","Index(['num_missing', 'ambient_cloudcover', 'ambient_weekday',
       'organizational_workload_min_2', 'organizational_workload_delta_2',
       'organizational_workload_var_2',
       'organizational_socialinteraction_avg_2',
       'organizational_socialinteraction_max_2',
       'organizational_socialinteraction_delta_2',
       'ambient_temperature_delta_2'],
      dtype='object')",2,RF,"{'n_estimators': 180, 'max_depth': 7, 'criterion': 'entropy'}",0.8111312764670295,0.8096080195361186,0.8161233543629189,0.8111312764670295
sl,2nd-order,"['individual', 'organizational', 'ambient']","Index(['ambient_humidity', 'organizational_workload_avg_2',
       'organizational_workload_min_2', 'organizational_workload_var_2',
       'ambient_temperature_min_2', 'ambient_temperature_delta_2'],
      dtype='object')",2,xGB,"{'n_estimators': 100, 'max_depth': 6, 'learning_rate': 0.05}",0.811070780399274,0.810629252239807,0.8156540730166549,0.811070780399274
sl,2nd-order,"['individual', 'organizational', 'ambient']","Index(['organizational_workload', 'individual_sleep',
       'organizational_socialinteraction', 'num_missing', 'ambient_cloudcover',
       'individual_stress_tolerance', 'ambient_weekday',
       'organizational_workload_avg_3', 'organizational_workload_std_3',
       'organizational_workload_max_3', 'organizational_workload_min_3',
       'organizational_workload_delta_3', 'organizational_workload_var_3',
       'organizational_socialinteraction_avg_3',
       'organizational_socialinteraction_std_3',
       'organizational_socialinteraction_max_3',
       'organizational_socialinteraction_min_3',
       'organizational_socialinteraction_delta_3',
       'organizational_socialinteraction_var_3', 'individual_sleep_std_3',
       'individual_sleep_max_3', 'individual_sleep_min_3',
       'ambient_temperature_var_3', 'ambient_precipitation_avg_3',
       'ambient_precipitation_std_3', 'ambient_precipitation_max_3',
       'ambient_precipitation_min_3', 'ambient_precipitation_delta_3'],
      dtype='object')",3,RF,"{'n_estimators': 180, 'max_depth': 7, 'criterion': 'entropy'}",0.8280701754385964,0.82215643869465,0.8382189201643604,0.8280701754385964
sl,2nd-order,"['individual', 'organizational', 'ambient']","Index(['organizational_workload', 'num_missing', 'ambient_temperature',
       'ambient_humidity', 'ambient_cloudcover', 'ambient_weekday',
       'organizational_workload_avg_3', 'organizational_workload_std_3',
       'organizational_workload_min_3', 'organizational_workload_var_3',
       'organizational_socialinteraction_max_3',
       'organizational_socialinteraction_var_3', 'individual_sleep_max_3',
       'ambient_temperature_delta_3', 'ambient_temperature_var_3',
       'ambient_precipitation_std_3', 'ambient_precipitation_min_3',
       'ambient_precipitation_delta_3'],
      dtype='object')",3,xGB,"{'n_estimators': 100, 'max_depth': 4, 'learning_rate': 0.1}",0.83859649122807,0.8346278286704344,0.850991704851354,0.83859649122807
sl,2nd-order,"['individual', 'organizational', 'ambient']","Index(['num_missing', 'ambient_cloudcover', 'ambient_weekday',
       'organizational_workload_avg_4', 'organizational_workload_min_4',
       'organizational_workload_delta_4', 'organizational_workload_var_4',
       'organizational_socialinteraction_max_4',
       'organizational_socialinteraction_min_4',
       'organizational_socialinteraction_delta_4',
       'organizational_socialinteraction_var_4', 'individual_sleep_min_4',
       'ambient_temperature_min_4', 'ambient_temperature_var_4',
       'ambient_precipitation_avg_4', 'ambient_precipitation_max_4'],
      dtype='object')",4,RF,"{'n_estimators': 100, 'max_depth': 6, 'criterion': 'entropy'}",0.8085218702865762,0.8060612449395481,0.8121329564322644,0.8085218702865762
sl,2nd-order,"['individual', 'organizational', 'ambient']","Index(['organizational_workload', 'num_missing', 'ambient_humidity',
       'ambient_cloudcover', 'individual_stress_tolerance', 'ambient_weekday',
       'organizational_workload_avg_4', 'organizational_workload_var_4',
       'organizational_socialinteraction_max_4',
       'organizational_socialinteraction_delta_4',
       'organizational_socialinteraction_var_4', 'individual_sleep_std_4',
       'ambient_temperature_delta_4', 'ambient_precipitation_max_4'],
      dtype='object')",4,xGB,"{'n_estimators': 180, 'max_depth': 2, 'learning_rate': 0.1}",0.8243589743589743,0.8235982790426568,0.8310088893007445,0.8243589743589743
sl,2nd-order,"['individual', 'organizational', 'ambient']","Index(['organizational_workload', 'individual_sleep',
       'organizational_socialinteraction', 'num_missing',
       'ambient_temperature', 'ambient_precipitation', 'ambient_cloudcover',
       'individual_stress_tolerance', 'ambient_weekday',
       'organizational_workload_avg_5', 'organizational_workload_std_5',
       'organizational_workload_max_5', 'organizational_workload_min_5',
       'organizational_workload_delta_5', 'organizational_workload_var_5',
       'organizational_socialinteraction_avg_5',
       'organizational_socialinteraction_std_5',
       'organizational_socialinteraction_max_5',
       'organizational_socialinteraction_min_5',
       'organizational_socialinteraction_delta_5',
       'organizational_socialinteraction_var_5', 'individual_sleep_avg_5',
       'individual_sleep_std_5', 'individual_sleep_max_5',
       'individual_sleep_var_5', 'ambient_temperature_std_5',
       'ambient_temperature_max_5', 'ambient_temperature_min_5',
       'ambient_temperature_delta_5', 'ambient_temperature_var_5',
       'ambient_precipitation_avg_5', 'ambient_precipitation_std_5'],
      dtype='object')",5,RF,"{'n_estimators': 100, 'max_depth': 5, 'criterion': 'gini'}",0.7863529411764706,0.7826692918739788,0.7993803392554788,0.7863529411764706
sl,2nd-order,"['individual', 'organizational', 'ambient']","Index(['ambient_precipitation_std_5'], dtype='object')",5,xGB,"{'n_estimators': 140, 'max_depth': 9, 'learning_rate': 0.01}",0.7863529411764706,0.7822875812606312,0.7980576274329689,0.7863529411764706
