dataset,feature_nature,feature_category,feature_names,feature_importances,window_size,clf_name,clf_params,accuracy,f1,precision,recall
fbk,1st-order,"['individual', 'organizational', 'ambient']","['individual_sleep', 'organizational_workload', 'organizational_control', 'ambient_temperature', 'ambient_humidity', 'ambient_precipitation', 'ambient_cloudcover', 'organizational_socialinteraction', 'individual_stress_tolerance', 'ambient_weekday', 'individual_prev_stress']","[0.05204785 0.15944356 0.1198981  0.05459582 0.07518985 0.00288819
 0.05237577 0.03280029 0.25286863 0.05657266 0.14131927]",1,RF,"{'n_estimators': 180, 'max_depth': 9, 'criterion': 'gini'}",0.7326823058737952,0.7263155498620246,0.7241403197039624,0.7326823058737952
fbk,1st-order,"['individual', 'organizational', 'ambient']","['individual_sleep', 'organizational_workload', 'organizational_control', 'ambient_temperature', 'ambient_humidity', 'ambient_precipitation', 'ambient_cloudcover', 'organizational_socialinteraction', 'individual_stress_tolerance', 'ambient_weekday', 'individual_prev_stress']","[0.04219287 0.14194621 0.10731091 0.04251384 0.04487902 0.0084497
 0.04743516 0.0439891  0.31729472 0.05648864 0.1474999 ]",1,xGB,"{'n_estimators': 100, 'max_depth': 4, 'learning_rate': 0.1}",0.7232805964720859,0.7208031541650546,0.7197305969039922,0.7232805964720859
fbk,2nd-order,"['individual', 'organizational', 'ambient']","['individual_sleep', 'organizational_workload', 'organizational_control', 'ambient_temperature', 'ambient_humidity', 'ambient_precipitation', 'ambient_cloudcover', 'organizational_socialinteraction', 'individual_stress_tolerance', 'ambient_weekday', 'organizational_workload_avg_2', 'organizational_workload_std_2', 'organizational_workload_max_2', 'organizational_workload_min_2', 'organizational_workload_delta_2', 'organizational_workload_var_2', 'organizational_control_avg_2', 'organizational_control_std_2', 'organizational_control_max_2', 'organizational_control_min_2', 'organizational_control_delta_2', 'organizational_control_var_2', 'organizational_socialinteraction_avg_2', 'organizational_socialinteraction_std_2', 'organizational_socialinteraction_min_2', 'organizational_socialinteraction_delta_2', 'organizational_socialinteraction_var_2', 'individual_sleep_avg_2', 'individual_sleep_std_2', 'individual_sleep_max_2', 'individual_sleep_delta_2', 'individual_sleep_var_2', 'ambient_temperature_avg_2', 'ambient_temperature_std_2', 'ambient_temperature_max_2', 'ambient_temperature_min_2', 'ambient_temperature_delta_2', 'ambient_temperature_var_2', 'ambient_precipitation_avg_2', 'ambient_precipitation_min_2', 'ambient_precipitation_delta_2', 'ambient_precipitation_var_2', 'ambient_humidity_avg_2', 'ambient_humidity_std_2', 'ambient_humidity_delta_2', 'ambient_humidity_var_2', 'ambient_cloudcover_std_2', 'ambient_cloudcover_delta_2', 'ambient_cloudcover_var_2', 'individual_prev_stress']","[0.01231472 0.06453369 0.05951766 0.01065584 0.01673275 0.00051574
 0.01302836 0.00793028 0.14294425 0.01508359 0.04931991 0.00927752
 0.03014334 0.03792549 0.02201328 0.00848069 0.03285413 0.0099908
 0.01947999 0.03330225 0.02655109 0.01112781 0.01028175 0.00749114
 0.00369281 0.01149387 0.00670717 0.01488629 0.00490339 0.01311539
 0.00697096 0.00420504 0.01390728 0.01340419 0.00796778 0.01406076
 0.01509481 0.01278541 0.00101035 0.         0.0016725  0.00134338
 0.02296274 0.01830854 0.02058409 0.01915796 0.01420282 0.01620058
 0.01298022 0.07688563]",2,RF,"{'n_estimators': 180, 'max_depth': 9, 'criterion': 'gini'}",0.736480686695279,0.7242422945745075,0.725852181687809,0.736480686695279
fbk,2nd-order,"['individual', 'organizational', 'ambient']","['individual_sleep', 'organizational_workload', 'organizational_control', 'ambient_temperature', 'ambient_humidity', 'ambient_precipitation', 'ambient_cloudcover', 'organizational_socialinteraction', 'individual_stress_tolerance', 'ambient_weekday', 'organizational_workload_avg_2', 'organizational_workload_std_2', 'organizational_workload_max_2', 'organizational_workload_min_2', 'organizational_workload_delta_2', 'organizational_workload_var_2', 'organizational_control_avg_2', 'organizational_control_std_2', 'organizational_control_max_2', 'organizational_control_min_2', 'organizational_control_delta_2', 'organizational_control_var_2', 'organizational_socialinteraction_avg_2', 'organizational_socialinteraction_std_2', 'organizational_socialinteraction_min_2', 'organizational_socialinteraction_delta_2', 'organizational_socialinteraction_var_2', 'individual_sleep_avg_2', 'individual_sleep_std_2', 'individual_sleep_max_2', 'individual_sleep_delta_2', 'individual_sleep_var_2', 'ambient_temperature_avg_2', 'ambient_temperature_std_2', 'ambient_temperature_max_2', 'ambient_temperature_min_2', 'ambient_temperature_delta_2', 'ambient_temperature_var_2', 'ambient_precipitation_avg_2', 'ambient_precipitation_min_2', 'ambient_precipitation_delta_2', 'ambient_precipitation_var_2', 'ambient_humidity_avg_2', 'ambient_humidity_std_2', 'ambient_humidity_delta_2', 'ambient_humidity_var_2', 'ambient_cloudcover_std_2', 'ambient_cloudcover_delta_2', 'ambient_cloudcover_var_2', 'individual_prev_stress']","[0.02609578 0.109656   0.07895545 0.01214577 0.01535402 0.00623547
 0.01829168 0.01623558 0.13779806 0.01438281 0.02439081 0.01326577
 0.01514428 0.04816166 0.01667766 0.         0.01433784 0.02722812
 0.02355927 0.02644206 0.02969351 0.         0.01554712 0.01921861
 0.00708351 0.01572156 0.         0.0133505  0.         0.0074726
 0.01368128 0.         0.01610211 0.01135448 0.0143732  0.0127493
 0.01433147 0.         0.00856276 0.         0.         0.
 0.01639174 0.01453475 0.01026993 0.         0.01108272 0.01364526
 0.         0.09047543]",2,xGB,"{'n_estimators': 180, 'max_depth': 2, 'learning_rate': 0.1}",0.7304721030042918,0.7218204418585451,0.7183867697810059,0.7304721030042918
fbk,2nd-order,"['individual', 'organizational', 'ambient']","['individual_sleep', 'organizational_workload', 'organizational_control', 'ambient_temperature', 'ambient_humidity', 'ambient_precipitation', 'ambient_cloudcover', 'organizational_socialinteraction', 'individual_stress_tolerance', 'ambient_weekday', 'organizational_workload_avg_3', 'organizational_workload_std_3', 'organizational_workload_max_3', 'organizational_workload_min_3', 'organizational_workload_delta_3', 'organizational_workload_var_3', 'organizational_control_avg_3', 'organizational_control_std_3', 'organizational_control_max_3', 'organizational_control_min_3', 'organizational_control_delta_3', 'organizational_control_var_3', 'organizational_socialinteraction_avg_3', 'organizational_socialinteraction_std_3', 'organizational_socialinteraction_min_3', 'organizational_socialinteraction_delta_3', 'organizational_socialinteraction_var_3', 'individual_sleep_avg_3', 'individual_sleep_std_3', 'individual_sleep_max_3', 'individual_sleep_min_3', 'individual_sleep_delta_3', 'individual_sleep_var_3', 'ambient_temperature_avg_3', 'ambient_temperature_std_3', 'ambient_temperature_max_3', 'ambient_temperature_min_3', 'ambient_temperature_delta_3', 'ambient_precipitation_avg_3', 'ambient_precipitation_min_3', 'ambient_precipitation_delta_3', 'ambient_precipitation_var_3', 'ambient_humidity_avg_3', 'ambient_humidity_std_3', 'ambient_humidity_max_3', 'ambient_humidity_delta_3', 'ambient_humidity_var_3', 'ambient_cloudcover_avg_3', 'ambient_cloudcover_std_3', 'ambient_cloudcover_min_3', 'ambient_cloudcover_delta_3', 'ambient_cloudcover_var_3', 'individual_stress_avg_3', 'individual_stress_std_3', 'individual_stress_max_3', 'individual_stress_min_3', 'individual_stress_delta_3', 'individual_stress_var_3', 'individual_prev_stress']","[0.00746443 0.04943927 0.04327632 0.01103621 0.01248609 0.00037333
 0.00740292 0.00546488 0.11620558 0.01025517 0.03377201 0.01300093
 0.0181095  0.03083688 0.02632748 0.01283155 0.02282031 0.01106226
 0.01105831 0.01777866 0.02587459 0.0108024  0.0078174  0.00760335
 0.00153613 0.00898104 0.00824475 0.01313953 0.00566243 0.00871584
 0.00766529 0.00731122 0.00549237 0.01477981 0.01110733 0.00589438
 0.0129735  0.01467898 0.0011841  0.         0.00083125 0.0012407
 0.01662767 0.01454144 0.01283424 0.01653957 0.01463742 0.01335833
 0.0140867  0.00678767 0.01448218 0.01253443 0.06641903 0.00700637
 0.06041743 0.03376289 0.00801734 0.00864852 0.03676026]",3,RF,"{'n_estimators': 180, 'max_depth': 9, 'criterion': 'gini'}",0.7202082400358262,0.708089805587054,0.7076755238996668,0.7202082400358262
fbk,2nd-order,"['individual', 'organizational', 'ambient']","['individual_sleep', 'organizational_workload', 'organizational_control', 'ambient_temperature', 'ambient_humidity', 'ambient_precipitation', 'ambient_cloudcover', 'organizational_socialinteraction', 'individual_stress_tolerance', 'ambient_weekday', 'organizational_workload_avg_3', 'organizational_workload_std_3', 'organizational_workload_max_3', 'organizational_workload_min_3', 'organizational_workload_delta_3', 'organizational_workload_var_3', 'organizational_control_avg_3', 'organizational_control_std_3', 'organizational_control_max_3', 'organizational_control_min_3', 'organizational_control_delta_3', 'organizational_control_var_3', 'organizational_socialinteraction_avg_3', 'organizational_socialinteraction_std_3', 'organizational_socialinteraction_min_3', 'organizational_socialinteraction_delta_3', 'organizational_socialinteraction_var_3', 'individual_sleep_avg_3', 'individual_sleep_std_3', 'individual_sleep_max_3', 'individual_sleep_min_3', 'individual_sleep_delta_3', 'individual_sleep_var_3', 'ambient_temperature_avg_3', 'ambient_temperature_std_3', 'ambient_temperature_max_3', 'ambient_temperature_min_3', 'ambient_temperature_delta_3', 'ambient_precipitation_avg_3', 'ambient_precipitation_min_3', 'ambient_precipitation_delta_3', 'ambient_precipitation_var_3', 'ambient_humidity_avg_3', 'ambient_humidity_std_3', 'ambient_humidity_max_3', 'ambient_humidity_delta_3', 'ambient_humidity_var_3', 'ambient_cloudcover_avg_3', 'ambient_cloudcover_std_3', 'ambient_cloudcover_min_3', 'ambient_cloudcover_delta_3', 'ambient_cloudcover_var_3', 'individual_stress_avg_3', 'individual_stress_std_3', 'individual_stress_max_3', 'individual_stress_min_3', 'individual_stress_delta_3', 'individual_stress_var_3', 'individual_prev_stress']","[0.01153784 0.05410943 0.03299813 0.01308689 0.01279705 0.00849625
 0.01047362 0.0097646  0.12520224 0.01727204 0.01469176 0.01773047
 0.0097625  0.02857734 0.01796447 0.         0.01867175 0.01273694
 0.01615686 0.01100822 0.02452514 0.         0.01116808 0.01265211
 0.01412431 0.00883954 0.         0.01528919 0.01444547 0.0196957
 0.01438685 0.01551825 0.         0.01247462 0.01495725 0.01124265
 0.01213956 0.01243077 0.00662709 0.         0.01492228 0.
 0.01347461 0.01073457 0.0134268  0.0107419  0.         0.01263329
 0.01017834 0.01418701 0.01293065 0.         0.04068904 0.01272749
 0.13199608 0.00873759 0.00858305 0.         0.02048222]",3,xGB,"{'n_estimators': 100, 'max_depth': 5, 'learning_rate': 0.1}",0.7417674279743245,0.7377247202357221,0.737321469073476,0.7417674279743245
fbk,2nd-order,"['individual', 'organizational', 'ambient']","['individual_sleep', 'organizational_workload', 'organizational_control', 'ambient_temperature', 'ambient_humidity', 'ambient_precipitation', 'ambient_cloudcover', 'organizational_socialinteraction', 'individual_stress_tolerance', 'ambient_weekday', 'organizational_workload_avg_4', 'organizational_workload_std_4', 'organizational_workload_max_4', 'organizational_workload_min_4', 'organizational_workload_delta_4', 'organizational_workload_var_4', 'organizational_control_avg_4', 'organizational_control_std_4', 'organizational_control_max_4', 'organizational_control_min_4', 'organizational_control_delta_4', 'organizational_control_var_4', 'organizational_socialinteraction_avg_4', 'organizational_socialinteraction_std_4', 'organizational_socialinteraction_min_4', 'organizational_socialinteraction_delta_4', 'organizational_socialinteraction_var_4', 'individual_sleep_avg_4', 'individual_sleep_std_4', 'individual_sleep_max_4', 'individual_sleep_min_4', 'individual_sleep_delta_4', 'individual_sleep_var_4', 'ambient_temperature_avg_4', 'ambient_temperature_std_4', 'ambient_temperature_max_4', 'ambient_temperature_min_4', 'ambient_temperature_delta_4', 'ambient_precipitation_avg_4', 'ambient_precipitation_min_4', 'ambient_precipitation_delta_4', 'ambient_precipitation_var_4', 'ambient_humidity_avg_4', 'ambient_humidity_std_4', 'ambient_humidity_max_4', 'ambient_humidity_min_4', 'ambient_humidity_delta_4', 'ambient_humidity_var_4', 'ambient_cloudcover_avg_4', 'ambient_cloudcover_std_4', 'ambient_cloudcover_max_4', 'ambient_cloudcover_min_4', 'ambient_cloudcover_delta_4', 'ambient_cloudcover_var_4', 'individual_stress_avg_4', 'individual_stress_std_4', 'individual_stress_max_4', 'individual_stress_min_4', 'individual_stress_delta_4', 'individual_stress_var_4', 'individual_prev_stress']","[0.00906062 0.04208201 0.03649186 0.00808634 0.01209119 0.00023193
 0.00707543 0.00520435 0.09662255 0.00978312 0.03211935 0.0153411
 0.01226146 0.02073858 0.01622753 0.01391258 0.01940068 0.0131398
 0.0108274  0.01456967 0.02113259 0.01239279 0.00783685 0.00897527
 0.00093979 0.00643386 0.00792089 0.01569399 0.00816158 0.01034987
 0.0088886  0.00853725 0.01003534 0.01423461 0.01219964 0.00525625
 0.01132921 0.01167824 0.00142641 0.         0.00046456 0.00111653
 0.01608118 0.01503558 0.01001526 0.0113297  0.01531372 0.01553421
 0.01420688 0.01472167 0.00851027 0.00597685 0.01391126 0.01408207
 0.08144041 0.01024037 0.05133937 0.03743769 0.00997818 0.01086294
 0.06371072]",4,RF,"{'n_estimators': 180, 'max_depth': 9, 'criterion': 'gini'}",0.7461904761904762,0.7385531044904815,0.7397476495211514,0.7461904761904762
fbk,2nd-order,"['individual', 'organizational', 'ambient']","['individual_sleep', 'organizational_workload', 'organizational_control', 'ambient_temperature', 'ambient_humidity', 'ambient_precipitation', 'ambient_cloudcover', 'organizational_socialinteraction', 'individual_stress_tolerance', 'ambient_weekday', 'organizational_workload_avg_4', 'organizational_workload_std_4', 'organizational_workload_max_4', 'organizational_workload_min_4', 'organizational_workload_delta_4', 'organizational_workload_var_4', 'organizational_control_avg_4', 'organizational_control_std_4', 'organizational_control_max_4', 'organizational_control_min_4', 'organizational_control_delta_4', 'organizational_control_var_4', 'organizational_socialinteraction_avg_4', 'organizational_socialinteraction_std_4', 'organizational_socialinteraction_min_4', 'organizational_socialinteraction_delta_4', 'organizational_socialinteraction_var_4', 'individual_sleep_avg_4', 'individual_sleep_std_4', 'individual_sleep_max_4', 'individual_sleep_min_4', 'individual_sleep_delta_4', 'individual_sleep_var_4', 'ambient_temperature_avg_4', 'ambient_temperature_std_4', 'ambient_temperature_max_4', 'ambient_temperature_min_4', 'ambient_temperature_delta_4', 'ambient_precipitation_avg_4', 'ambient_precipitation_min_4', 'ambient_precipitation_delta_4', 'ambient_precipitation_var_4', 'ambient_humidity_avg_4', 'ambient_humidity_std_4', 'ambient_humidity_max_4', 'ambient_humidity_min_4', 'ambient_humidity_delta_4', 'ambient_humidity_var_4', 'ambient_cloudcover_avg_4', 'ambient_cloudcover_std_4', 'ambient_cloudcover_max_4', 'ambient_cloudcover_min_4', 'ambient_cloudcover_delta_4', 'ambient_cloudcover_var_4', 'individual_stress_avg_4', 'individual_stress_std_4', 'individual_stress_max_4', 'individual_stress_min_4', 'individual_stress_delta_4', 'individual_stress_var_4', 'individual_prev_stress']","[0.01531238 0.03690317 0.02459532 0.01162237 0.01136817 0.01061924
 0.01130104 0.01101121 0.13210376 0.01660645 0.01683132 0.0171328
 0.01882613 0.02006399 0.0125324  0.         0.02020021 0.01486117
 0.01427276 0.02859413 0.02128002 0.         0.01106129 0.01409782
 0.00891249 0.00936302 0.         0.01351478 0.02476796 0.02068923
 0.01188909 0.01187049 0.         0.01332686 0.009374   0.01292195
 0.01728876 0.01043119 0.00622824 0.         0.00563793 0.
 0.01398081 0.01312345 0.01697966 0.02284577 0.01122144 0.
 0.01388987 0.0115842  0.02074808 0.0158048  0.01402844 0.
 0.08183344 0.01174623 0.01065423 0.00974508 0.01324002 0.
 0.05116127]",4,xGB,"{'n_estimators': 140, 'max_depth': 6, 'learning_rate': 0.05}",0.747968253968254,0.7451592905232307,0.7459697279726563,0.747968253968254
fbk,2nd-order,"['individual', 'organizational', 'ambient']","['individual_sleep', 'organizational_workload', 'organizational_control', 'ambient_temperature', 'ambient_humidity', 'ambient_precipitation', 'ambient_cloudcover', 'organizational_socialinteraction', 'individual_stress_tolerance', 'ambient_weekday', 'organizational_workload_avg_5', 'organizational_workload_std_5', 'organizational_workload_max_5', 'organizational_workload_min_5', 'organizational_workload_delta_5', 'organizational_workload_var_5', 'organizational_control_avg_5', 'organizational_control_std_5', 'organizational_control_max_5', 'organizational_control_min_5', 'organizational_control_delta_5', 'organizational_control_var_5', 'organizational_socialinteraction_avg_5', 'organizational_socialinteraction_std_5', 'organizational_socialinteraction_min_5', 'organizational_socialinteraction_delta_5', 'organizational_socialinteraction_var_5', 'individual_sleep_avg_5', 'individual_sleep_std_5', 'individual_sleep_max_5', 'individual_sleep_min_5', 'individual_sleep_delta_5', 'individual_sleep_var_5', 'ambient_temperature_avg_5', 'ambient_temperature_std_5', 'ambient_temperature_max_5', 'ambient_temperature_min_5', 'ambient_temperature_delta_5', 'ambient_precipitation_avg_5', 'ambient_precipitation_min_5', 'ambient_precipitation_delta_5', 'ambient_precipitation_var_5', 'ambient_humidity_avg_5', 'ambient_humidity_std_5', 'ambient_humidity_max_5', 'ambient_humidity_min_5', 'ambient_humidity_delta_5', 'ambient_cloudcover_avg_5', 'ambient_cloudcover_std_5', 'ambient_cloudcover_max_5', 'ambient_cloudcover_min_5', 'ambient_cloudcover_delta_5', 'ambient_cloudcover_var_5', 'individual_stress_avg_5', 'individual_stress_std_5', 'individual_stress_max_5', 'individual_stress_min_5', 'individual_stress_delta_5', 'individual_stress_var_5', 'individual_prev_stress']","[0.00929569 0.04402417 0.03221421 0.00709011 0.01077691 0.00057109
 0.0073645  0.00396245 0.10125114 0.00900802 0.03504636 0.0164577
 0.01366112 0.02348182 0.02262079 0.01710075 0.01731182 0.01274847
 0.00602237 0.01328883 0.02066319 0.01506484 0.00942299 0.01106644
 0.00073287 0.00841421 0.01085291 0.01540142 0.00720973 0.00979204
 0.00832985 0.00728404 0.00766969 0.01511768 0.01383336 0.00596858
 0.00891156 0.01379525 0.00110889 0.         0.00066462 0.00084003
 0.01870631 0.01775565 0.00883198 0.01388289 0.01591094 0.01467977
 0.01360656 0.00937064 0.00722717 0.01244817 0.01507889 0.09620429
 0.01731983 0.03453058 0.02563837 0.01033989 0.0165455  0.05648007]",5,RF,"{'n_estimators': 180, 'max_depth': 9, 'criterion': 'gini'}",0.7548869223205507,0.7487146601009453,0.7479678177777543,0.7548869223205507
fbk,2nd-order,"['individual', 'organizational', 'ambient']","['individual_sleep', 'organizational_workload', 'organizational_control', 'ambient_temperature', 'ambient_humidity', 'ambient_precipitation', 'ambient_cloudcover', 'organizational_socialinteraction', 'individual_stress_tolerance', 'ambient_weekday', 'organizational_workload_avg_5', 'organizational_workload_std_5', 'organizational_workload_max_5', 'organizational_workload_min_5', 'organizational_workload_delta_5', 'organizational_workload_var_5', 'organizational_control_avg_5', 'organizational_control_std_5', 'organizational_control_max_5', 'organizational_control_min_5', 'organizational_control_delta_5', 'organizational_control_var_5', 'organizational_socialinteraction_avg_5', 'organizational_socialinteraction_std_5', 'organizational_socialinteraction_min_5', 'organizational_socialinteraction_delta_5', 'organizational_socialinteraction_var_5', 'individual_sleep_avg_5', 'individual_sleep_std_5', 'individual_sleep_max_5', 'individual_sleep_min_5', 'individual_sleep_delta_5', 'individual_sleep_var_5', 'ambient_temperature_avg_5', 'ambient_temperature_std_5', 'ambient_temperature_max_5', 'ambient_temperature_min_5', 'ambient_temperature_delta_5', 'ambient_precipitation_avg_5', 'ambient_precipitation_min_5', 'ambient_precipitation_delta_5', 'ambient_precipitation_var_5', 'ambient_humidity_avg_5', 'ambient_humidity_std_5', 'ambient_humidity_max_5', 'ambient_humidity_min_5', 'ambient_humidity_delta_5', 'ambient_cloudcover_avg_5', 'ambient_cloudcover_std_5', 'ambient_cloudcover_max_5', 'ambient_cloudcover_min_5', 'ambient_cloudcover_delta_5', 'ambient_cloudcover_var_5', 'individual_stress_avg_5', 'individual_stress_std_5', 'individual_stress_max_5', 'individual_stress_min_5', 'individual_stress_delta_5', 'individual_stress_var_5', 'individual_prev_stress']","[0.01219571 0.05079024 0.02652854 0.00895522 0.01221188 0.00888271
 0.01382807 0.00874644 0.14672464 0.01318082 0.0149162  0.01437655
 0.01741306 0.01364758 0.01814525 0.         0.01181035 0.01415803
 0.01664434 0.01127243 0.02664251 0.         0.01580048 0.01446622
 0.01584421 0.0116145  0.         0.01382615 0.01172601 0.02959891
 0.01120922 0.01681302 0.         0.01722472 0.01417337 0.01266147
 0.01572531 0.01341126 0.01437067 0.         0.         0.
 0.01368392 0.01563197 0.01317065 0.01650665 0.01198684 0.0129341
 0.01651157 0.01626069 0.0158604  0.01235811 0.         0.06669691
 0.01688612 0.0063232  0.0049078  0.01601709 0.         0.05472803]",5,xGB,"{'n_estimators': 100, 'max_depth': 5, 'learning_rate': 0.1}",0.7566607669616519,0.753342926057511,0.7543922496846452,0.7566607669616519
fbk,2nd-order,"['individual', 'organizational', 'ambient']","['individual_sleep', 'organizational_workload', 'organizational_control', 'ambient_temperature', 'ambient_humidity', 'ambient_precipitation', 'ambient_cloudcover', 'organizational_socialinteraction', 'individual_stress_tolerance', 'ambient_weekday', 'organizational_workload_avg_6', 'organizational_workload_std_6', 'organizational_workload_max_6', 'organizational_workload_min_6', 'organizational_workload_delta_6', 'organizational_workload_var_6', 'organizational_control_avg_6', 'organizational_control_std_6', 'organizational_control_max_6', 'organizational_control_min_6', 'organizational_control_delta_6', 'organizational_control_var_6', 'organizational_socialinteraction_avg_6', 'organizational_socialinteraction_std_6', 'organizational_socialinteraction_min_6', 'organizational_socialinteraction_delta_6', 'organizational_socialinteraction_var_6', 'individual_sleep_avg_6', 'individual_sleep_std_6', 'individual_sleep_max_6', 'individual_sleep_min_6', 'individual_sleep_delta_6', 'individual_sleep_var_6', 'ambient_temperature_avg_6', 'ambient_temperature_std_6', 'ambient_temperature_max_6', 'ambient_temperature_min_6', 'ambient_temperature_delta_6', 'ambient_precipitation_avg_6', 'ambient_precipitation_min_6', 'ambient_precipitation_delta_6', 'ambient_precipitation_var_6', 'ambient_humidity_avg_6', 'ambient_humidity_std_6', 'ambient_humidity_max_6', 'ambient_humidity_min_6', 'ambient_humidity_delta_6', 'ambient_cloudcover_avg_6', 'ambient_cloudcover_std_6', 'ambient_cloudcover_max_6', 'ambient_cloudcover_min_6', 'ambient_cloudcover_delta_6', 'individual_stress_avg_6', 'individual_stress_std_6', 'individual_stress_max_6', 'individual_stress_min_6', 'individual_stress_delta_6', 'individual_stress_var_6', 'individual_prev_stress']","[0.00869682 0.04601925 0.03858549 0.00707544 0.01163747 0.00022117
 0.0067661  0.00496555 0.11139587 0.00999958 0.02813063 0.01689489
 0.01164498 0.01353898 0.02058449 0.01876487 0.01978976 0.01526328
 0.0080177  0.01031584 0.01841406 0.01660581 0.00935899 0.01058423
 0.00036774 0.00739696 0.00999355 0.0175442  0.00980118 0.01018596
 0.00854053 0.0092097  0.01126092 0.01551202 0.01447189 0.00499373
 0.00935941 0.01130107 0.00152517 0.         0.00049062 0.00140593
 0.01674447 0.01749069 0.00989774 0.01270185 0.01391147 0.01825444
 0.01586177 0.01149888 0.00494522 0.01202554 0.08896827 0.0202899
 0.03200053 0.02288326 0.01053752 0.02107041 0.06428622]",6,RF,"{'n_estimators': 180, 'max_depth': 9, 'criterion': 'gini'}",0.7477599771717418,0.7391663876785396,0.7383704123219923,0.7477599771717418
fbk,2nd-order,"['individual', 'organizational', 'ambient']","['individual_sleep', 'organizational_workload', 'organizational_control', 'ambient_temperature', 'ambient_humidity', 'ambient_precipitation', 'ambient_cloudcover', 'organizational_socialinteraction', 'individual_stress_tolerance', 'ambient_weekday', 'organizational_workload_avg_6', 'organizational_workload_std_6', 'organizational_workload_max_6', 'organizational_workload_min_6', 'organizational_workload_delta_6', 'organizational_workload_var_6', 'organizational_control_avg_6', 'organizational_control_std_6', 'organizational_control_max_6', 'organizational_control_min_6', 'organizational_control_delta_6', 'organizational_control_var_6', 'organizational_socialinteraction_avg_6', 'organizational_socialinteraction_std_6', 'organizational_socialinteraction_min_6', 'organizational_socialinteraction_delta_6', 'organizational_socialinteraction_var_6', 'individual_sleep_avg_6', 'individual_sleep_std_6', 'individual_sleep_max_6', 'individual_sleep_min_6', 'individual_sleep_delta_6', 'individual_sleep_var_6', 'ambient_temperature_avg_6', 'ambient_temperature_std_6', 'ambient_temperature_max_6', 'ambient_temperature_min_6', 'ambient_temperature_delta_6', 'ambient_precipitation_avg_6', 'ambient_precipitation_min_6', 'ambient_precipitation_delta_6', 'ambient_precipitation_var_6', 'ambient_humidity_avg_6', 'ambient_humidity_std_6', 'ambient_humidity_max_6', 'ambient_humidity_min_6', 'ambient_humidity_delta_6', 'ambient_cloudcover_avg_6', 'ambient_cloudcover_std_6', 'ambient_cloudcover_max_6', 'ambient_cloudcover_min_6', 'ambient_cloudcover_delta_6', 'individual_stress_avg_6', 'individual_stress_std_6', 'individual_stress_max_6', 'individual_stress_min_6', 'individual_stress_delta_6', 'individual_stress_var_6', 'individual_prev_stress']","[0.01268883 0.03895548 0.02947089 0.0114402  0.0157674  0.
 0.01190316 0.01161099 0.16225259 0.01453212 0.01712825 0.0171806
 0.02171524 0.01218607 0.01765848 0.         0.0192831  0.01346889
 0.01660545 0.00816729 0.02120279 0.         0.00992819 0.01216293
 0.         0.01141611 0.         0.01530038 0.02036326 0.02140804
 0.01018874 0.01098709 0.         0.01344995 0.01224689 0.01648313
 0.01069626 0.0140672  0.0111734  0.         0.         0.
 0.01293477 0.01428961 0.01767067 0.01190339 0.01076441 0.01333052
 0.0211482  0.02515191 0.00946958 0.01161173 0.06197475 0.02073562
 0.0226655  0.01720325 0.01179534 0.         0.0542614 ]",6,xGB,"{'n_estimators': 140, 'max_depth': 6, 'learning_rate': 0.05}",0.7567649097060862,0.75243366604198,0.7508099257168214,0.7567649097060862
fbk,2nd-order,"['individual', 'organizational', 'ambient']","['individual_sleep', 'organizational_workload', 'organizational_control', 'ambient_temperature', 'ambient_humidity', 'ambient_precipitation', 'ambient_cloudcover', 'organizational_socialinteraction', 'individual_stress_tolerance', 'ambient_weekday', 'organizational_workload_avg_7', 'organizational_workload_std_7', 'organizational_workload_max_7', 'organizational_workload_min_7', 'organizational_workload_delta_7', 'organizational_control_avg_7', 'organizational_control_std_7', 'organizational_control_max_7', 'organizational_control_min_7', 'organizational_control_delta_7', 'organizational_control_var_7', 'organizational_socialinteraction_avg_7', 'organizational_socialinteraction_std_7', 'organizational_socialinteraction_min_7', 'organizational_socialinteraction_delta_7', 'individual_sleep_avg_7', 'individual_sleep_std_7', 'individual_sleep_max_7', 'individual_sleep_min_7', 'individual_sleep_delta_7', 'individual_sleep_var_7', 'ambient_temperature_avg_7', 'ambient_temperature_std_7', 'ambient_temperature_max_7', 'ambient_temperature_min_7', 'ambient_temperature_delta_7', 'ambient_precipitation_avg_7', 'ambient_precipitation_min_7', 'ambient_precipitation_delta_7', 'ambient_precipitation_var_7', 'ambient_humidity_avg_7', 'ambient_humidity_std_7', 'ambient_humidity_max_7', 'ambient_humidity_min_7', 'ambient_humidity_delta_7', 'ambient_cloudcover_avg_7', 'ambient_cloudcover_std_7', 'ambient_cloudcover_max_7', 'ambient_cloudcover_min_7', 'ambient_cloudcover_delta_7', 'individual_stress_avg_7', 'individual_stress_std_7', 'individual_stress_max_7', 'individual_stress_min_7', 'individual_stress_delta_7', 'individual_stress_var_7', 'individual_prev_stress']","[0.00792303 0.05044255 0.03437659 0.00898945 0.00972949 0.00035571
 0.00897023 0.00464311 0.10869876 0.00895051 0.03152579 0.01960205
 0.01351331 0.01963833 0.01825257 0.02300824 0.01715964 0.00722022
 0.01100092 0.02179029 0.01851528 0.01024462 0.01357152 0.00022104
 0.00791201 0.01953162 0.01174286 0.008657   0.00851157 0.00986734
 0.01155983 0.01703673 0.01460646 0.00535803 0.00941588 0.01188806
 0.00152884 0.         0.00104859 0.0016349  0.01700678 0.01617964
 0.01298967 0.01120139 0.01571301 0.01797325 0.01671074 0.01028636
 0.00573017 0.01254387 0.10221616 0.01622653 0.02708938 0.01126829
 0.00920305 0.01961012 0.06940863]",7,RF,"{'n_estimators': 180, 'max_depth': 9, 'criterion': 'gini'}",0.7668451639684517,0.7610091330817744,0.7613005372405344,0.7668451639684517
fbk,2nd-order,"['individual', 'organizational', 'ambient']","['individual_sleep', 'organizational_workload', 'organizational_control', 'ambient_temperature', 'ambient_humidity', 'ambient_precipitation', 'ambient_cloudcover', 'organizational_socialinteraction', 'individual_stress_tolerance', 'ambient_weekday', 'organizational_workload_avg_7', 'organizational_workload_std_7', 'organizational_workload_max_7', 'organizational_workload_min_7', 'organizational_workload_delta_7', 'organizational_control_avg_7', 'organizational_control_std_7', 'organizational_control_max_7', 'organizational_control_min_7', 'organizational_control_delta_7', 'organizational_control_var_7', 'organizational_socialinteraction_avg_7', 'organizational_socialinteraction_std_7', 'organizational_socialinteraction_min_7', 'organizational_socialinteraction_delta_7', 'individual_sleep_avg_7', 'individual_sleep_std_7', 'individual_sleep_max_7', 'individual_sleep_min_7', 'individual_sleep_delta_7', 'individual_sleep_var_7', 'ambient_temperature_avg_7', 'ambient_temperature_std_7', 'ambient_temperature_max_7', 'ambient_temperature_min_7', 'ambient_temperature_delta_7', 'ambient_precipitation_avg_7', 'ambient_precipitation_min_7', 'ambient_precipitation_delta_7', 'ambient_precipitation_var_7', 'ambient_humidity_avg_7', 'ambient_humidity_std_7', 'ambient_humidity_max_7', 'ambient_humidity_min_7', 'ambient_humidity_delta_7', 'ambient_cloudcover_avg_7', 'ambient_cloudcover_std_7', 'ambient_cloudcover_max_7', 'ambient_cloudcover_min_7', 'ambient_cloudcover_delta_7', 'individual_stress_avg_7', 'individual_stress_std_7', 'individual_stress_max_7', 'individual_stress_min_7', 'individual_stress_delta_7', 'individual_stress_var_7', 'individual_prev_stress']","[0.01485506 0.03341512 0.02307673 0.00972496 0.01450785 0.02522379
 0.00852188 0.0096284  0.13539486 0.01457198 0.01524798 0.01239982
 0.01481183 0.00989312 0.01591114 0.01330529 0.01365686 0.00996085
 0.03702229 0.01950361 0.         0.01124176 0.0122018  0.0041253
 0.00943402 0.01502606 0.01026372 0.02795196 0.01456777 0.01425919
 0.         0.01048676 0.01064788 0.01268843 0.01197661 0.01133378
 0.02400868 0.         0.         0.         0.01350896 0.01157083
 0.0153495  0.01120192 0.01045925 0.00936911 0.0160671  0.04879532
 0.0122111  0.01259315 0.06842023 0.01676006 0.0086292  0.03415407
 0.00931229 0.         0.05075087]",7,xGB,"{'n_estimators': 140, 'max_depth': 6, 'learning_rate': 0.05}",0.7641386467413864,0.7603426904746549,0.7595164033165658,0.7641386467413864
fbk,2nd-order,"['individual', 'organizational', 'ambient']","['individual_sleep', 'organizational_workload', 'organizational_control', 'ambient_temperature', 'ambient_humidity', 'ambient_precipitation', 'ambient_cloudcover', 'organizational_socialinteraction', 'individual_stress_tolerance', 'ambient_weekday', 'organizational_workload_avg_8', 'organizational_workload_std_8', 'organizational_workload_max_8', 'organizational_workload_min_8', 'organizational_workload_delta_8', 'organizational_control_avg_8', 'organizational_control_std_8', 'organizational_control_max_8', 'organizational_control_min_8', 'organizational_control_delta_8', 'organizational_control_var_8', 'organizational_socialinteraction_avg_8', 'organizational_socialinteraction_std_8', 'organizational_socialinteraction_min_8', 'organizational_socialinteraction_delta_8', 'individual_sleep_avg_8', 'individual_sleep_std_8', 'individual_sleep_max_8', 'individual_sleep_min_8', 'individual_sleep_delta_8', 'individual_sleep_var_8', 'ambient_temperature_avg_8', 'ambient_temperature_std_8', 'ambient_temperature_max_8', 'ambient_temperature_min_8', 'ambient_temperature_delta_8', 'ambient_precipitation_avg_8', 'ambient_precipitation_min_8', 'ambient_precipitation_delta_8', 'ambient_humidity_avg_8', 'ambient_humidity_std_8', 'ambient_humidity_max_8', 'ambient_humidity_min_8', 'ambient_humidity_delta_8', 'ambient_cloudcover_avg_8', 'ambient_cloudcover_std_8', 'ambient_cloudcover_max_8', 'ambient_cloudcover_min_8', 'ambient_cloudcover_delta_8', 'individual_stress_avg_8', 'individual_stress_std_8', 'individual_stress_max_8', 'individual_stress_min_8', 'individual_stress_delta_8', 'individual_stress_var_8', 'individual_prev_stress']","[0.00725158 0.04826055 0.04784919 0.00788709 0.01113623 0.00055666
 0.00696535 0.00453185 0.10829267 0.00880244 0.02932609 0.02217627
 0.01454472 0.01447609 0.02606029 0.02173898 0.01979852 0.00724644
 0.01285378 0.02453159 0.02010319 0.01025571 0.01460982 0.000406
 0.00817754 0.01900393 0.01130041 0.00656892 0.00815967 0.00896619
 0.01214293 0.01651505 0.01512424 0.00593594 0.00903956 0.01365812
 0.00174246 0.         0.0007688  0.01878156 0.01679178 0.01004797
 0.01034493 0.01387592 0.01696629 0.01582974 0.00952487 0.00621085
 0.014302   0.09639275 0.02224584 0.01773197 0.01080654 0.01052069
 0.02041214 0.06244934]",8,RF,"{'n_estimators': 180, 'max_depth': 9, 'criterion': 'gini'}",0.7746927803379418,0.7689719655381925,0.7684598004289599,0.7746927803379418
fbk,2nd-order,"['individual', 'organizational', 'ambient']","['individual_sleep', 'organizational_workload', 'organizational_control', 'ambient_temperature', 'ambient_humidity', 'ambient_precipitation', 'ambient_cloudcover', 'organizational_socialinteraction', 'individual_stress_tolerance', 'ambient_weekday', 'organizational_workload_avg_8', 'organizational_workload_std_8', 'organizational_workload_max_8', 'organizational_workload_min_8', 'organizational_workload_delta_8', 'organizational_control_avg_8', 'organizational_control_std_8', 'organizational_control_max_8', 'organizational_control_min_8', 'organizational_control_delta_8', 'organizational_control_var_8', 'organizational_socialinteraction_avg_8', 'organizational_socialinteraction_std_8', 'organizational_socialinteraction_min_8', 'organizational_socialinteraction_delta_8', 'individual_sleep_avg_8', 'individual_sleep_std_8', 'individual_sleep_max_8', 'individual_sleep_min_8', 'individual_sleep_delta_8', 'individual_sleep_var_8', 'ambient_temperature_avg_8', 'ambient_temperature_std_8', 'ambient_temperature_max_8', 'ambient_temperature_min_8', 'ambient_temperature_delta_8', 'ambient_precipitation_avg_8', 'ambient_precipitation_min_8', 'ambient_precipitation_delta_8', 'ambient_humidity_avg_8', 'ambient_humidity_std_8', 'ambient_humidity_max_8', 'ambient_humidity_min_8', 'ambient_humidity_delta_8', 'ambient_cloudcover_avg_8', 'ambient_cloudcover_std_8', 'ambient_cloudcover_max_8', 'ambient_cloudcover_min_8', 'ambient_cloudcover_delta_8', 'individual_stress_avg_8', 'individual_stress_std_8', 'individual_stress_max_8', 'individual_stress_min_8', 'individual_stress_delta_8', 'individual_stress_var_8', 'individual_prev_stress']","[0.00981135 0.03969046 0.03360615 0.01285868 0.01606383 0.00678063
 0.01306148 0.01004405 0.1526535  0.01669804 0.01716995 0.01274541
 0.02690106 0.02158147 0.02343355 0.01125956 0.02105797 0.00852048
 0.04113623 0.02931553 0.         0.00758215 0.01382392 0.
 0.01196511 0.01311593 0.01631864 0.01614849 0.01751917 0.00951888
 0.         0.01521269 0.01221649 0.01320138 0.01375443 0.01210489
 0.         0.         0.         0.01443062 0.01302643 0.01437595
 0.01661085 0.01379982 0.0117316  0.01644448 0.00614149 0.01632965
 0.01222348 0.05685052 0.01535749 0.00751207 0.01670805 0.01226575
 0.         0.05932029]",8,xGB,"{'n_estimators': 100, 'max_depth': 4, 'learning_rate': 0.1}",0.7709976105137396,0.7670552187953403,0.767200764998109,0.7709976105137396
fbk,2nd-order,"['individual', 'organizational', 'ambient']","['individual_sleep', 'organizational_workload', 'organizational_control', 'ambient_temperature', 'ambient_humidity', 'ambient_precipitation', 'ambient_cloudcover', 'organizational_socialinteraction', 'individual_stress_tolerance', 'ambient_weekday', 'organizational_workload_avg_9', 'organizational_workload_std_9', 'organizational_workload_max_9', 'organizational_workload_min_9', 'organizational_workload_delta_9', 'organizational_control_avg_9', 'organizational_control_std_9', 'organizational_control_max_9', 'organizational_control_min_9', 'organizational_control_delta_9', 'organizational_control_var_9', 'organizational_socialinteraction_avg_9', 'organizational_socialinteraction_std_9', 'organizational_socialinteraction_min_9', 'organizational_socialinteraction_delta_9', 'individual_sleep_avg_9', 'individual_sleep_std_9', 'individual_sleep_max_9', 'individual_sleep_min_9', 'individual_sleep_delta_9', 'individual_sleep_var_9', 'ambient_temperature_avg_9', 'ambient_temperature_std_9', 'ambient_temperature_max_9', 'ambient_temperature_min_9', 'ambient_temperature_delta_9', 'ambient_precipitation_avg_9', 'ambient_precipitation_min_9', 'ambient_precipitation_delta_9', 'ambient_humidity_avg_9', 'ambient_humidity_std_9', 'ambient_humidity_max_9', 'ambient_humidity_min_9', 'ambient_humidity_delta_9', 'ambient_cloudcover_avg_9', 'ambient_cloudcover_std_9', 'ambient_cloudcover_max_9', 'ambient_cloudcover_min_9', 'ambient_cloudcover_delta_9', 'individual_stress_avg_9', 'individual_stress_std_9', 'individual_stress_max_9', 'individual_stress_min_9', 'individual_stress_delta_9', 'individual_stress_var_9', 'individual_prev_stress']","[0.00794204 0.0549143  0.04456594 0.00665531 0.0107685  0.00048434
 0.00637587 0.00431145 0.08994388 0.0103667  0.03289799 0.02125608
 0.01112658 0.01446922 0.02157894 0.02605672 0.02011005 0.00573344
 0.01593308 0.01970889 0.02028894 0.01272173 0.01475909 0.00059911
 0.00712712 0.01836194 0.01435088 0.00665502 0.0080903  0.00839384
 0.01209702 0.0173799  0.01581874 0.0044523  0.01097034 0.01271832
 0.00166763 0.         0.00150451 0.02022433 0.01705154 0.00632855
 0.01101323 0.01527991 0.01740685 0.01439745 0.0089914  0.00557874
 0.01263897 0.10517585 0.02239782 0.02150252 0.00981975 0.01528224
 0.0196369  0.0641179 ]",9,RF,"{'n_estimators': 180, 'max_depth': 9, 'criterion': 'gini'}",0.7587430241828329,0.7507603712040524,0.7511322603851797,0.7587430241828329
fbk,2nd-order,"['individual', 'organizational', 'ambient']","['individual_sleep', 'organizational_workload', 'organizational_control', 'ambient_temperature', 'ambient_humidity', 'ambient_precipitation', 'ambient_cloudcover', 'organizational_socialinteraction', 'individual_stress_tolerance', 'ambient_weekday', 'organizational_workload_avg_9', 'organizational_workload_std_9', 'organizational_workload_max_9', 'organizational_workload_min_9', 'organizational_workload_delta_9', 'organizational_control_avg_9', 'organizational_control_std_9', 'organizational_control_max_9', 'organizational_control_min_9', 'organizational_control_delta_9', 'organizational_control_var_9', 'organizational_socialinteraction_avg_9', 'organizational_socialinteraction_std_9', 'organizational_socialinteraction_min_9', 'organizational_socialinteraction_delta_9', 'individual_sleep_avg_9', 'individual_sleep_std_9', 'individual_sleep_max_9', 'individual_sleep_min_9', 'individual_sleep_delta_9', 'individual_sleep_var_9', 'ambient_temperature_avg_9', 'ambient_temperature_std_9', 'ambient_temperature_max_9', 'ambient_temperature_min_9', 'ambient_temperature_delta_9', 'ambient_precipitation_avg_9', 'ambient_precipitation_min_9', 'ambient_precipitation_delta_9', 'ambient_humidity_avg_9', 'ambient_humidity_std_9', 'ambient_humidity_max_9', 'ambient_humidity_min_9', 'ambient_humidity_delta_9', 'ambient_cloudcover_avg_9', 'ambient_cloudcover_std_9', 'ambient_cloudcover_max_9', 'ambient_cloudcover_min_9', 'ambient_cloudcover_delta_9', 'individual_stress_avg_9', 'individual_stress_std_9', 'individual_stress_max_9', 'individual_stress_min_9', 'individual_stress_delta_9', 'individual_stress_var_9', 'individual_prev_stress']","[0.00905348 0.03726038 0.02495223 0.01083888 0.0107023  0.01093092
 0.01128095 0.01032947 0.12643956 0.01603381 0.01472281 0.01248071
 0.01773937 0.01485259 0.01873741 0.01456937 0.0129352  0.0423556
 0.04012728 0.02104325 0.         0.00976293 0.0166759  0.
 0.00729057 0.01162975 0.01270102 0.01841282 0.01542529 0.01020635
 0.         0.01078315 0.01047054 0.01213205 0.01315089 0.01224699
 0.00442101 0.         0.01293544 0.01257159 0.01101743 0.00753545
 0.01431331 0.01044457 0.01037838 0.01125591 0.0312596  0.02900482
 0.00977968 0.07996207 0.01633963 0.01313221 0.0078933  0.02325569
 0.         0.05622609]",9,xGB,"{'n_estimators': 100, 'max_depth': 4, 'learning_rate': 0.1}",0.7596731331384533,0.7550829062138712,0.7544609227394158,0.7596731331384533
fbk,2nd-order,"['individual', 'organizational', 'ambient']","['individual_sleep', 'organizational_workload', 'organizational_control', 'ambient_temperature', 'ambient_humidity', 'ambient_precipitation', 'ambient_cloudcover', 'organizational_socialinteraction', 'individual_stress_tolerance', 'ambient_weekday', 'organizational_workload_avg_10', 'organizational_workload_std_10', 'organizational_workload_max_10', 'organizational_workload_min_10', 'organizational_workload_delta_10', 'organizational_control_avg_10', 'organizational_control_std_10', 'organizational_control_max_10', 'organizational_control_min_10', 'organizational_control_delta_10', 'organizational_control_var_10', 'organizational_socialinteraction_avg_10', 'organizational_socialinteraction_std_10', 'organizational_socialinteraction_min_10', 'organizational_socialinteraction_delta_10', 'individual_sleep_avg_10', 'individual_sleep_std_10', 'individual_sleep_max_10', 'individual_sleep_min_10', 'individual_sleep_delta_10', 'individual_sleep_var_10', 'ambient_temperature_avg_10', 'ambient_temperature_std_10', 'ambient_temperature_max_10', 'ambient_temperature_min_10', 'ambient_temperature_delta_10', 'ambient_precipitation_avg_10', 'ambient_precipitation_min_10', 'ambient_precipitation_delta_10', 'ambient_humidity_avg_10', 'ambient_humidity_std_10', 'ambient_humidity_max_10', 'ambient_humidity_min_10', 'ambient_humidity_delta_10', 'ambient_cloudcover_avg_10', 'ambient_cloudcover_std_10', 'ambient_cloudcover_max_10', 'ambient_cloudcover_min_10', 'ambient_cloudcover_delta_10', 'individual_stress_avg_10', 'individual_stress_std_10', 'individual_stress_max_10', 'individual_stress_min_10', 'individual_stress_delta_10', 'individual_stress_var_10', 'individual_prev_stress']","[7.89345050e-03 4.81548502e-02 4.49644037e-02 7.28672482e-03
 1.09637074e-02 5.81023420e-04 8.25439168e-03 4.23959840e-03
 9.57669801e-02 8.29584975e-03 2.98397934e-02 2.30567195e-02
 1.02923793e-02 1.26610790e-02 2.46154062e-02 2.72252999e-02
 2.17505464e-02 5.33618167e-03 1.72842993e-02 2.22170548e-02
 2.17287036e-02 1.36260021e-02 1.41050931e-02 7.09300200e-05
 8.08639087e-03 2.10281731e-02 1.46091727e-02 5.71470705e-03
 7.96527483e-03 8.00684085e-03 1.46359780e-02 1.59990724e-02
 1.58250098e-02 3.97614994e-03 9.28580116e-03 1.13817120e-02
 1.80360063e-03 0.00000000e+00 1.44529982e-03 1.48028910e-02
 1.49386312e-02 5.64650459e-03 1.02486854e-02 1.41046623e-02
 1.44498256e-02 1.50157533e-02 8.94452714e-03 4.47949465e-03
 1.18806213e-02 1.12362097e-01 2.53449716e-02 2.37649493e-02
 6.97805675e-03 1.14475155e-02 2.23910764e-02 6.32260857e-02]",10,RF,"{'n_estimators': 180, 'max_depth': 9, 'criterion': 'gini'}",0.7737089201877934,0.7699990293812148,0.7693422277351984,0.7737089201877934
fbk,2nd-order,"['individual', 'organizational', 'ambient']","['individual_sleep', 'organizational_workload', 'organizational_control', 'ambient_temperature', 'ambient_humidity', 'ambient_precipitation', 'ambient_cloudcover', 'organizational_socialinteraction', 'individual_stress_tolerance', 'ambient_weekday', 'organizational_workload_avg_10', 'organizational_workload_std_10', 'organizational_workload_max_10', 'organizational_workload_min_10', 'organizational_workload_delta_10', 'organizational_control_avg_10', 'organizational_control_std_10', 'organizational_control_max_10', 'organizational_control_min_10', 'organizational_control_delta_10', 'organizational_control_var_10', 'organizational_socialinteraction_avg_10', 'organizational_socialinteraction_std_10', 'organizational_socialinteraction_min_10', 'organizational_socialinteraction_delta_10', 'individual_sleep_avg_10', 'individual_sleep_std_10', 'individual_sleep_max_10', 'individual_sleep_min_10', 'individual_sleep_delta_10', 'individual_sleep_var_10', 'ambient_temperature_avg_10', 'ambient_temperature_std_10', 'ambient_temperature_max_10', 'ambient_temperature_min_10', 'ambient_temperature_delta_10', 'ambient_precipitation_avg_10', 'ambient_precipitation_min_10', 'ambient_precipitation_delta_10', 'ambient_humidity_avg_10', 'ambient_humidity_std_10', 'ambient_humidity_max_10', 'ambient_humidity_min_10', 'ambient_humidity_delta_10', 'ambient_cloudcover_avg_10', 'ambient_cloudcover_std_10', 'ambient_cloudcover_max_10', 'ambient_cloudcover_min_10', 'ambient_cloudcover_delta_10', 'individual_stress_avg_10', 'individual_stress_std_10', 'individual_stress_max_10', 'individual_stress_min_10', 'individual_stress_delta_10', 'individual_stress_var_10', 'individual_prev_stress']","[0.01200162 0.03704037 0.02374447 0.01231834 0.01150458 0.
 0.01760971 0.00928335 0.17358108 0.01481261 0.01966086 0.01140122
 0.02566247 0.02109761 0.02095842 0.01862074 0.01293086 0.01903165
 0.0453032  0.02436192 0.         0.01129057 0.01411479 0.
 0.0120964  0.01448322 0.02034975 0.00924329 0.01946127 0.01433101
 0.         0.01049605 0.0131978  0.00955084 0.01398556 0.01010383
 0.01021689 0.         0.00422344 0.01200349 0.01412446 0.01669207
 0.01347858 0.0116064  0.01262686 0.01301933 0.02063893 0.00770125
 0.01200142 0.05969743 0.01493647 0.00396795 0.0106925  0.02067574
 0.         0.0380674 ]",10,xGB,"{'n_estimators': 100, 'max_depth': 5, 'learning_rate': 0.1}",0.7737089201877934,0.7717580337563462,0.772775442267851,0.7737089201877934
sl,1st-order,"['individual', 'organizational', 'ambient']","['organizational_workload', 'individual_sleep', 'organizational_socialinteraction', 'ambient_temperature', 'ambient_humidity', 'ambient_precipitation', 'ambient_cloudcover', 'individual_stress_tolerance', 'ambient_weekday', 'individual_prev_stress']","[0.06151431 0.03926683 0.04371061 0.00883043 0.02444814 0.00542864
 0.01596705 0.24255267 0.02485518 0.53342614]",1,RF,"{'n_estimators': 100, 'max_depth': 4, 'criterion': 'gini'}",0.797355896351137,0.7948741657413833,0.7988452494311271,0.797355896351137
sl,1st-order,"['individual', 'organizational', 'ambient']","['organizational_workload', 'individual_sleep', 'organizational_socialinteraction', 'ambient_temperature', 'ambient_humidity', 'ambient_precipitation', 'ambient_cloudcover', 'individual_stress_tolerance', 'ambient_weekday', 'individual_prev_stress']","[0.04963368 0.05477437 0.04401752 0.04601363 0.03216566 0.03541515
 0.03023227 0.07893847 0.03506718 0.59374213]",1,xGB,"{'n_estimators': 100, 'max_depth': 4, 'learning_rate': 0.05}",0.7875198307773665,0.7847119501525983,0.7962200953692159,0.7875198307773665
sl,2nd-order,"['individual', 'organizational', 'ambient']","['organizational_workload', 'individual_sleep', 'organizational_socialinteraction', 'ambient_temperature', 'ambient_humidity', 'ambient_precipitation', 'ambient_cloudcover', 'individual_stress_tolerance', 'ambient_weekday', 'organizational_workload_avg_2', 'organizational_workload_std_2', 'organizational_workload_max_2', 'organizational_workload_min_2', 'organizational_workload_delta_2', 'organizational_socialinteraction_avg_2', 'organizational_socialinteraction_std_2', 'organizational_socialinteraction_max_2', 'organizational_socialinteraction_min_2', 'organizational_socialinteraction_delta_2', 'organizational_socialinteraction_var_2', 'individual_sleep_avg_2', 'individual_sleep_std_2', 'individual_sleep_max_2', 'individual_sleep_min_2', 'individual_sleep_delta_2', 'individual_sleep_var_2', 'ambient_temperature_avg_2', 'ambient_temperature_min_2', 'ambient_temperature_delta_2', 'ambient_precipitation_avg_2', 'ambient_precipitation_min_2', 'ambient_precipitation_delta_2', 'ambient_humidity_avg_2', 'ambient_humidity_std_2', 'ambient_humidity_max_2', 'ambient_humidity_min_2', 'ambient_humidity_delta_2', 'ambient_humidity_var_2', 'ambient_cloudcover_avg_2', 'ambient_cloudcover_std_2', 'ambient_cloudcover_max_2', 'ambient_cloudcover_min_2', 'ambient_cloudcover_delta_2', 'individual_prev_stress']","[0.02641912 0.02183644 0.02445588 0.0047877  0.01415128 0.00254757
 0.00817269 0.0846299  0.01849818 0.03613265 0.02150811 0.0295849
 0.03010433 0.02527852 0.03443978 0.02267751 0.03481539 0.03064748
 0.02139625 0.02253044 0.02655279 0.01292834 0.02015586 0.02165209
 0.01951385 0.01319519 0.00613535 0.         0.0064055  0.00403878
 0.         0.00545127 0.01988705 0.01132698 0.01259785 0.01193221
 0.01972354 0.01546862 0.01806034 0.02320342 0.01371523 0.01020639
 0.01859167 0.17464356]",2,RF,"{'n_estimators': 180, 'max_depth': 9, 'criterion': 'gini'}",0.7901298701298701,0.7882830915532965,0.8016564450276389,0.7901298701298701
sl,2nd-order,"['individual', 'organizational', 'ambient']","['organizational_workload', 'individual_sleep', 'organizational_socialinteraction', 'ambient_temperature', 'ambient_humidity', 'ambient_precipitation', 'ambient_cloudcover', 'individual_stress_tolerance', 'ambient_weekday', 'organizational_workload_avg_2', 'organizational_workload_std_2', 'organizational_workload_max_2', 'organizational_workload_min_2', 'organizational_workload_delta_2', 'organizational_socialinteraction_avg_2', 'organizational_socialinteraction_std_2', 'organizational_socialinteraction_max_2', 'organizational_socialinteraction_min_2', 'organizational_socialinteraction_delta_2', 'organizational_socialinteraction_var_2', 'individual_sleep_avg_2', 'individual_sleep_std_2', 'individual_sleep_max_2', 'individual_sleep_min_2', 'individual_sleep_delta_2', 'individual_sleep_var_2', 'ambient_temperature_avg_2', 'ambient_temperature_min_2', 'ambient_temperature_delta_2', 'ambient_precipitation_avg_2', 'ambient_precipitation_min_2', 'ambient_precipitation_delta_2', 'ambient_humidity_avg_2', 'ambient_humidity_std_2', 'ambient_humidity_max_2', 'ambient_humidity_min_2', 'ambient_humidity_delta_2', 'ambient_humidity_var_2', 'ambient_cloudcover_avg_2', 'ambient_cloudcover_std_2', 'ambient_cloudcover_max_2', 'ambient_cloudcover_min_2', 'ambient_cloudcover_delta_2', 'individual_prev_stress']","[0.01925542 0.02017393 0.01618487 0.00422409 0.01533037 0.01068417
 0.02583313 0.02764146 0.01536538 0.01539521 0.05811455 0.0170013
 0.01557388 0.03600229 0.01608314 0.04104969 0.01334843 0.0180665
 0.03096725 0.         0.01589136 0.02780937 0.01494692 0.01312107
 0.02219497 0.         0.02176416 0.         0.02725669 0.01857789
 0.         0.01694862 0.02017818 0.02285276 0.00224367 0.02678576
 0.02483856 0.         0.0277648  0.03365283 0.02256923 0.01850239
 0.01053684 0.19526882]",2,xGB,"{'n_estimators': 100, 'max_depth': 4, 'learning_rate': 0.05}",0.7681818181818181,0.766710887168811,0.7693283647375964,0.7681818181818181
sl,2nd-order,"['individual', 'organizational', 'ambient']","['organizational_workload', 'individual_sleep', 'organizational_socialinteraction', 'ambient_temperature', 'ambient_humidity', 'ambient_precipitation', 'ambient_cloudcover', 'individual_stress_tolerance', 'ambient_weekday', 'organizational_workload_avg_3', 'organizational_workload_std_3', 'organizational_workload_max_3', 'organizational_workload_min_3', 'organizational_workload_delta_3', 'organizational_socialinteraction_avg_3', 'organizational_socialinteraction_std_3', 'organizational_socialinteraction_max_3', 'organizational_socialinteraction_min_3', 'organizational_socialinteraction_delta_3', 'organizational_socialinteraction_var_3', 'individual_sleep_avg_3', 'individual_sleep_std_3', 'individual_sleep_max_3', 'individual_sleep_min_3', 'individual_sleep_delta_3', 'individual_sleep_var_3', 'ambient_temperature_avg_3', 'ambient_temperature_std_3', 'ambient_temperature_min_3', 'ambient_temperature_delta_3', 'ambient_precipitation_avg_3', 'ambient_precipitation_min_3', 'ambient_precipitation_delta_3', 'ambient_humidity_avg_3', 'ambient_humidity_std_3', 'ambient_humidity_max_3', 'ambient_humidity_min_3', 'ambient_humidity_delta_3', 'ambient_humidity_var_3', 'ambient_cloudcover_avg_3', 'ambient_cloudcover_std_3', 'ambient_cloudcover_min_3', 'ambient_cloudcover_delta_3', 'individual_stress_avg_3', 'individual_stress_std_3', 'individual_stress_max_3', 'individual_stress_min_3', 'individual_stress_delta_3', 'individual_prev_stress']","[0.01127425 0.00733944 0.01212164 0.00127693 0.00724799 0.0017427
 0.00497957 0.0666031  0.00758952 0.02666955 0.02300436 0.01310391
 0.0242285  0.01513876 0.01718764 0.0153348  0.0096376  0.00776883
 0.02012541 0.01717663 0.01801921 0.01165383 0.01147292 0.01023051
 0.01087049 0.01415773 0.00293394 0.00193577 0.         0.00096694
 0.00282893 0.         0.00356382 0.00816157 0.00535772 0.00638008
 0.00340897 0.00753548 0.00588732 0.01504396 0.02025871 0.00245764
 0.01110125 0.12927733 0.01206952 0.09391004 0.0981073  0.02109922
 0.16175867]",3,RF,"{'n_estimators': 140, 'max_depth': 5, 'criterion': 'gini'}",0.7731203007518797,0.7710298699630497,0.7804668873571672,0.7731203007518797
sl,2nd-order,"['individual', 'organizational', 'ambient']","['organizational_workload', 'individual_sleep', 'organizational_socialinteraction', 'ambient_temperature', 'ambient_humidity', 'ambient_precipitation', 'ambient_cloudcover', 'individual_stress_tolerance', 'ambient_weekday', 'organizational_workload_avg_3', 'organizational_workload_std_3', 'organizational_workload_max_3', 'organizational_workload_min_3', 'organizational_workload_delta_3', 'organizational_socialinteraction_avg_3', 'organizational_socialinteraction_std_3', 'organizational_socialinteraction_max_3', 'organizational_socialinteraction_min_3', 'organizational_socialinteraction_delta_3', 'organizational_socialinteraction_var_3', 'individual_sleep_avg_3', 'individual_sleep_std_3', 'individual_sleep_max_3', 'individual_sleep_min_3', 'individual_sleep_delta_3', 'individual_sleep_var_3', 'ambient_temperature_avg_3', 'ambient_temperature_std_3', 'ambient_temperature_min_3', 'ambient_temperature_delta_3', 'ambient_precipitation_avg_3', 'ambient_precipitation_min_3', 'ambient_precipitation_delta_3', 'ambient_humidity_avg_3', 'ambient_humidity_std_3', 'ambient_humidity_max_3', 'ambient_humidity_min_3', 'ambient_humidity_delta_3', 'ambient_humidity_var_3', 'ambient_cloudcover_avg_3', 'ambient_cloudcover_std_3', 'ambient_cloudcover_min_3', 'ambient_cloudcover_delta_3', 'individual_stress_avg_3', 'individual_stress_std_3', 'individual_stress_max_3', 'individual_stress_min_3', 'individual_stress_delta_3', 'individual_prev_stress']","[0.00863548 0.01877679 0.01774741 0.01975645 0.01570992 0.00748857
 0.01135016 0.02790014 0.01730804 0.01707853 0.02633619 0.02939542
 0.01526662 0.01773902 0.01498331 0.02940358 0.01479802 0.02805095
 0.0214307  0.         0.02117979 0.02661567 0.01633049 0.02341661
 0.01681126 0.         0.00366133 0.         0.         0.
 0.02558023 0.         0.01642063 0.0220626  0.00986236 0.01180116
 0.00126972 0.02750761 0.         0.01900973 0.03862181 0.
 0.02219976 0.01511894 0.0255803  0.07484931 0.01110626 0.01613356
 0.19570558]",3,xGB,"{'n_estimators': 100, 'max_depth': 4, 'learning_rate': 0.05}",0.7729323308270677,0.7685144139226666,0.7775445221226513,0.7729323308270677
sl,2nd-order,"['individual', 'organizational', 'ambient']","['organizational_workload', 'individual_sleep', 'organizational_socialinteraction', 'ambient_temperature', 'ambient_humidity', 'ambient_precipitation', 'ambient_cloudcover', 'individual_stress_tolerance', 'ambient_weekday', 'organizational_workload_avg_4', 'organizational_workload_std_4', 'organizational_workload_max_4', 'organizational_workload_min_4', 'organizational_workload_delta_4', 'organizational_socialinteraction_avg_4', 'organizational_socialinteraction_std_4', 'organizational_socialinteraction_max_4', 'organizational_socialinteraction_min_4', 'organizational_socialinteraction_delta_4', 'organizational_socialinteraction_var_4', 'individual_sleep_avg_4', 'individual_sleep_std_4', 'individual_sleep_max_4', 'individual_sleep_min_4', 'individual_sleep_delta_4', 'individual_sleep_var_4', 'ambient_temperature_avg_4', 'ambient_temperature_min_4', 'ambient_precipitation_avg_4', 'ambient_precipitation_min_4', 'ambient_precipitation_delta_4', 'ambient_humidity_avg_4', 'ambient_humidity_std_4', 'ambient_humidity_max_4', 'ambient_humidity_min_4', 'ambient_humidity_delta_4', 'ambient_cloudcover_avg_4', 'ambient_cloudcover_std_4', 'ambient_cloudcover_min_4', 'ambient_cloudcover_delta_4', 'individual_stress_avg_4', 'individual_stress_std_4', 'individual_stress_max_4', 'individual_stress_min_4', 'individual_stress_delta_4', 'individual_prev_stress']","[0.01731962 0.00977137 0.01467054 0.00529163 0.01278547 0.00131875
 0.00778525 0.05954214 0.01217905 0.02934472 0.03425621 0.01688437
 0.0196437  0.018801   0.02990691 0.02620009 0.0215817  0.01808017
 0.0243108  0.03221651 0.02281734 0.01895818 0.01031796 0.0113131
 0.0125545  0.02302238 0.00545484 0.         0.00419396 0.
 0.00320814 0.0133495  0.00669108 0.00805334 0.00474689 0.01984788
 0.0188639  0.02514097 0.00330753 0.01328983 0.08339416 0.01645577
 0.05400949 0.06240404 0.02659262 0.12012261]",4,RF,"{'n_estimators': 180, 'max_depth': 7, 'criterion': 'entropy'}",0.784313725490196,0.7828689609123346,0.7847755605889469,0.784313725490196
sl,2nd-order,"['individual', 'organizational', 'ambient']","['organizational_workload', 'individual_sleep', 'organizational_socialinteraction', 'ambient_temperature', 'ambient_humidity', 'ambient_precipitation', 'ambient_cloudcover', 'individual_stress_tolerance', 'ambient_weekday', 'organizational_workload_avg_4', 'organizational_workload_std_4', 'organizational_workload_max_4', 'organizational_workload_min_4', 'organizational_workload_delta_4', 'organizational_socialinteraction_avg_4', 'organizational_socialinteraction_std_4', 'organizational_socialinteraction_max_4', 'organizational_socialinteraction_min_4', 'organizational_socialinteraction_delta_4', 'organizational_socialinteraction_var_4', 'individual_sleep_avg_4', 'individual_sleep_std_4', 'individual_sleep_max_4', 'individual_sleep_min_4', 'individual_sleep_delta_4', 'individual_sleep_var_4', 'ambient_temperature_avg_4', 'ambient_temperature_min_4', 'ambient_precipitation_avg_4', 'ambient_precipitation_min_4', 'ambient_precipitation_delta_4', 'ambient_humidity_avg_4', 'ambient_humidity_std_4', 'ambient_humidity_max_4', 'ambient_humidity_min_4', 'ambient_humidity_delta_4', 'ambient_cloudcover_avg_4', 'ambient_cloudcover_std_4', 'ambient_cloudcover_min_4', 'ambient_cloudcover_delta_4', 'individual_stress_avg_4', 'individual_stress_std_4', 'individual_stress_max_4', 'individual_stress_min_4', 'individual_stress_delta_4', 'individual_prev_stress']","[0.02135788 0.01547369 0.0159773  0.01205442 0.01519514 0.03455945
 0.00613322 0.03258084 0.03309286 0.01537734 0.02125136 0.01312946
 0.00993463 0.01757889 0.01509175 0.0335042  0.00650723 0.01782043
 0.02518562 0.         0.01264628 0.02764353 0.01565809 0.04482927
 0.02119907 0.         0.01221156 0.         0.00732989 0.
 0.         0.02480767 0.00882275 0.02070375 0.00201675 0.01299671
 0.02368494 0.04251764 0.         0.03217128 0.0204002  0.01023662
 0.00788388 0.00822749 0.01293136 0.26927558]",4,xGB,"{'n_estimators': 100, 'max_depth': 5, 'learning_rate': 0.1}",0.7764705882352941,0.7743045065726484,0.7778119141219827,0.7764705882352941
sl,2nd-order,"['individual', 'organizational', 'ambient']","['organizational_workload', 'individual_sleep', 'organizational_socialinteraction', 'ambient_temperature', 'ambient_humidity', 'ambient_precipitation', 'ambient_cloudcover', 'individual_stress_tolerance', 'ambient_weekday', 'organizational_workload_avg_5', 'organizational_workload_std_5', 'organizational_workload_max_5', 'organizational_workload_min_5', 'organizational_workload_delta_5', 'organizational_socialinteraction_avg_5', 'organizational_socialinteraction_std_5', 'organizational_socialinteraction_max_5', 'organizational_socialinteraction_min_5', 'organizational_socialinteraction_delta_5', 'individual_sleep_avg_5', 'individual_sleep_std_5', 'individual_sleep_max_5', 'individual_sleep_min_5', 'individual_sleep_delta_5', 'individual_sleep_var_5', 'ambient_temperature_avg_5', 'ambient_temperature_min_5', 'ambient_precipitation_avg_5', 'ambient_precipitation_min_5', 'ambient_precipitation_delta_5', 'ambient_humidity_avg_5', 'ambient_humidity_std_5', 'ambient_humidity_max_5', 'ambient_humidity_min_5', 'ambient_humidity_delta_5', 'ambient_cloudcover_avg_5', 'ambient_cloudcover_std_5', 'ambient_cloudcover_min_5', 'ambient_cloudcover_delta_5', 'individual_stress_avg_5', 'individual_stress_std_5', 'individual_stress_max_5', 'individual_stress_min_5', 'individual_stress_delta_5', 'individual_prev_stress']","[0.01468731 0.00994437 0.01148539 0.00376065 0.01123647 0.00079496
 0.00449511 0.08192454 0.01504308 0.03416013 0.03166639 0.01775732
 0.02386647 0.01782328 0.02964648 0.02585721 0.01622762 0.01237227
 0.01311821 0.01544285 0.0234855  0.00865166 0.01004138 0.01210573
 0.01639352 0.0039634  0.         0.00590996 0.         0.00493169
 0.02817158 0.01484567 0.00670023 0.00603983 0.0096489  0.02175665
 0.02179429 0.         0.02250925 0.07999412 0.02155642 0.04025644
 0.05205678 0.0406456  0.15723129]",5,RF,"{'n_estimators': 140, 'max_depth': 5, 'criterion': 'entropy'}",0.7692244897959183,0.7625880505358881,0.7831949522950896,0.7692244897959183
sl,2nd-order,"['individual', 'organizational', 'ambient']","['organizational_workload', 'individual_sleep', 'organizational_socialinteraction', 'ambient_temperature', 'ambient_humidity', 'ambient_precipitation', 'ambient_cloudcover', 'individual_stress_tolerance', 'ambient_weekday', 'organizational_workload_avg_5', 'organizational_workload_std_5', 'organizational_workload_max_5', 'organizational_workload_min_5', 'organizational_workload_delta_5', 'organizational_socialinteraction_avg_5', 'organizational_socialinteraction_std_5', 'organizational_socialinteraction_max_5', 'organizational_socialinteraction_min_5', 'organizational_socialinteraction_delta_5', 'individual_sleep_avg_5', 'individual_sleep_std_5', 'individual_sleep_max_5', 'individual_sleep_min_5', 'individual_sleep_delta_5', 'individual_sleep_var_5', 'ambient_temperature_avg_5', 'ambient_temperature_min_5', 'ambient_precipitation_avg_5', 'ambient_precipitation_min_5', 'ambient_precipitation_delta_5', 'ambient_humidity_avg_5', 'ambient_humidity_std_5', 'ambient_humidity_max_5', 'ambient_humidity_min_5', 'ambient_humidity_delta_5', 'ambient_cloudcover_avg_5', 'ambient_cloudcover_std_5', 'ambient_cloudcover_min_5', 'ambient_cloudcover_delta_5', 'individual_stress_avg_5', 'individual_stress_std_5', 'individual_stress_max_5', 'individual_stress_min_5', 'individual_stress_delta_5', 'individual_prev_stress']","[0.00677215 0.01572762 0.         0.         0.01899839 0.05133141
 0.01094876 0.04358476 0.01501025 0.02587004 0.06386141 0.02038833
 0.         0.01427733 0.02112431 0.03425192 0.         0.
 0.01403529 0.02978337 0.02136337 0.         0.         0.02015715
 0.         0.         0.         0.         0.         0.01021811
 0.0326579  0.         0.         0.         0.         0.04338105
 0.07384837 0.         0.03573996 0.         0.02800317 0.
 0.         0.         0.34866554]",5,xGB,"{'n_estimators': 60, 'max_depth': 3, 'learning_rate': 0.01}",0.7573061224489797,0.754686140675535,0.7690411496713254,0.7573061224489797
sl,2nd-order,"['individual', 'organizational', 'ambient']","['organizational_workload', 'individual_sleep', 'organizational_socialinteraction', 'ambient_temperature', 'ambient_humidity', 'ambient_precipitation', 'ambient_cloudcover', 'individual_stress_tolerance', 'ambient_weekday', 'organizational_workload_avg_6', 'organizational_workload_std_6', 'organizational_workload_max_6', 'organizational_workload_min_6', 'organizational_workload_delta_6', 'organizational_socialinteraction_avg_6', 'organizational_socialinteraction_std_6', 'organizational_socialinteraction_max_6', 'organizational_socialinteraction_min_6', 'organizational_socialinteraction_delta_6', 'individual_sleep_avg_6', 'individual_sleep_std_6', 'individual_sleep_max_6', 'individual_sleep_min_6', 'individual_sleep_delta_6', 'individual_sleep_var_6', 'ambient_temperature_avg_6', 'ambient_temperature_min_6', 'ambient_precipitation_avg_6', 'ambient_precipitation_min_6', 'ambient_precipitation_delta_6', 'ambient_humidity_avg_6', 'ambient_humidity_std_6', 'ambient_humidity_max_6', 'ambient_humidity_min_6', 'ambient_humidity_delta_6', 'ambient_cloudcover_avg_6', 'ambient_cloudcover_std_6', 'ambient_cloudcover_max_6', 'ambient_cloudcover_min_6', 'ambient_cloudcover_delta_6', 'individual_stress_avg_6', 'individual_stress_std_6', 'individual_stress_max_6', 'individual_stress_min_6', 'individual_stress_delta_6', 'individual_prev_stress']","[0.01457436 0.00630278 0.01590928 0.00328086 0.00666273 0.00061943
 0.00736796 0.08362608 0.01070517 0.03006596 0.04116351 0.01064259
 0.02692566 0.02433301 0.03766009 0.03159931 0.02127933 0.01749549
 0.01473577 0.01866343 0.01669229 0.01016745 0.0108458  0.0149576
 0.01831175 0.00228962 0.         0.00482361 0.         0.00173172
 0.02089544 0.02242536 0.01175529 0.00788342 0.00972083 0.0128144
 0.0118118  0.00708127 0.         0.02088164 0.05465307 0.03582029
 0.04598315 0.03580395 0.05404228 0.14499515]",6,RF,"{'n_estimators': 140, 'max_depth': 5, 'criterion': 'entropy'}",0.7669133192389006,0.762414894539581,0.7825901588428016,0.7669133192389006
sl,2nd-order,"['individual', 'organizational', 'ambient']","['organizational_workload', 'individual_sleep', 'organizational_socialinteraction', 'ambient_temperature', 'ambient_humidity', 'ambient_precipitation', 'ambient_cloudcover', 'individual_stress_tolerance', 'ambient_weekday', 'organizational_workload_avg_6', 'organizational_workload_std_6', 'organizational_workload_max_6', 'organizational_workload_min_6', 'organizational_workload_delta_6', 'organizational_socialinteraction_avg_6', 'organizational_socialinteraction_std_6', 'organizational_socialinteraction_max_6', 'organizational_socialinteraction_min_6', 'organizational_socialinteraction_delta_6', 'individual_sleep_avg_6', 'individual_sleep_std_6', 'individual_sleep_max_6', 'individual_sleep_min_6', 'individual_sleep_delta_6', 'individual_sleep_var_6', 'ambient_temperature_avg_6', 'ambient_temperature_min_6', 'ambient_precipitation_avg_6', 'ambient_precipitation_min_6', 'ambient_precipitation_delta_6', 'ambient_humidity_avg_6', 'ambient_humidity_std_6', 'ambient_humidity_max_6', 'ambient_humidity_min_6', 'ambient_humidity_delta_6', 'ambient_cloudcover_avg_6', 'ambient_cloudcover_std_6', 'ambient_cloudcover_max_6', 'ambient_cloudcover_min_6', 'ambient_cloudcover_delta_6', 'individual_stress_avg_6', 'individual_stress_std_6', 'individual_stress_max_6', 'individual_stress_min_6', 'individual_stress_delta_6', 'individual_prev_stress']","[0.03846573 0.         0.03913386 0.         0.         0.01846497
 0.0045454  0.04331933 0.02134439 0.         0.022802   0.
 0.         0.02775477 0.02640754 0.03585171 0.         0.
 0.00614356 0.04749332 0.02467605 0.         0.         0.
 0.         0.         0.         0.         0.         0.
 0.06437011 0.03052787 0.         0.         0.         0.04168556
 0.         0.         0.         0.07446538 0.00473616 0.
 0.11682318 0.         0.         0.31098914]",6,xGB,"{'n_estimators': 60, 'max_depth': 3, 'learning_rate': 0.01}",0.7532769556025369,0.7503624902033359,0.7623457827322395,0.7532769556025369
sl,2nd-order,"['individual', 'organizational', 'ambient']","['organizational_workload', 'individual_sleep', 'organizational_socialinteraction', 'ambient_temperature', 'ambient_humidity', 'ambient_precipitation', 'ambient_cloudcover', 'individual_stress_tolerance', 'ambient_weekday', 'organizational_workload_avg_7', 'organizational_workload_std_7', 'organizational_workload_max_7', 'organizational_workload_min_7', 'organizational_workload_delta_7', 'organizational_socialinteraction_avg_7', 'organizational_socialinteraction_std_7', 'organizational_socialinteraction_max_7', 'organizational_socialinteraction_min_7', 'organizational_socialinteraction_delta_7', 'individual_sleep_avg_7', 'individual_sleep_std_7', 'individual_sleep_max_7', 'individual_sleep_min_7', 'individual_sleep_delta_7', 'individual_sleep_var_7', 'ambient_temperature_avg_7', 'ambient_temperature_min_7', 'ambient_precipitation_avg_7', 'ambient_precipitation_min_7', 'ambient_precipitation_delta_7', 'ambient_humidity_avg_7', 'ambient_humidity_std_7', 'ambient_humidity_max_7', 'ambient_humidity_min_7', 'ambient_humidity_delta_7', 'ambient_cloudcover_avg_7', 'ambient_cloudcover_std_7', 'ambient_cloudcover_max_7', 'ambient_cloudcover_min_7', 'ambient_cloudcover_delta_7', 'individual_stress_avg_7', 'individual_stress_std_7', 'individual_stress_max_7', 'individual_stress_min_7', 'individual_stress_delta_7', 'individual_prev_stress']","[0.01920819 0.00999747 0.01491177 0.00229737 0.00783676 0.00135
 0.01054471 0.08138749 0.01313743 0.04225945 0.03850122 0.01627337
 0.01967293 0.02531782 0.0324538  0.03213773 0.01230301 0.01095719
 0.02548709 0.02426517 0.0268626  0.01369325 0.01234254 0.01871058
 0.02858501 0.00310655 0.         0.00437406 0.         0.0033523
 0.02174377 0.01838911 0.00529633 0.00819741 0.01475134 0.01584802
 0.01626048 0.00091365 0.         0.0149182  0.0564232  0.03591233
 0.03463142 0.0326856  0.05514759 0.11755471]",7,RF,"{'n_estimators': 180, 'max_depth': 7, 'criterion': 'entropy'}",0.7593023255813953,0.7532876982131395,0.7756331998186475,0.7593023255813953
sl,2nd-order,"['individual', 'organizational', 'ambient']","['organizational_workload', 'individual_sleep', 'organizational_socialinteraction', 'ambient_temperature', 'ambient_humidity', 'ambient_precipitation', 'ambient_cloudcover', 'individual_stress_tolerance', 'ambient_weekday', 'organizational_workload_avg_7', 'organizational_workload_std_7', 'organizational_workload_max_7', 'organizational_workload_min_7', 'organizational_workload_delta_7', 'organizational_socialinteraction_avg_7', 'organizational_socialinteraction_std_7', 'organizational_socialinteraction_max_7', 'organizational_socialinteraction_min_7', 'organizational_socialinteraction_delta_7', 'individual_sleep_avg_7', 'individual_sleep_std_7', 'individual_sleep_max_7', 'individual_sleep_min_7', 'individual_sleep_delta_7', 'individual_sleep_var_7', 'ambient_temperature_avg_7', 'ambient_temperature_min_7', 'ambient_precipitation_avg_7', 'ambient_precipitation_min_7', 'ambient_precipitation_delta_7', 'ambient_humidity_avg_7', 'ambient_humidity_std_7', 'ambient_humidity_max_7', 'ambient_humidity_min_7', 'ambient_humidity_delta_7', 'ambient_cloudcover_avg_7', 'ambient_cloudcover_std_7', 'ambient_cloudcover_max_7', 'ambient_cloudcover_min_7', 'ambient_cloudcover_delta_7', 'individual_stress_avg_7', 'individual_stress_std_7', 'individual_stress_max_7', 'individual_stress_min_7', 'individual_stress_delta_7', 'individual_prev_stress']","[0.02491141 0.02082676 0.         0.0160829  0.00791599 0.014464
 0.01599573 0.04129548 0.0147664  0.01536043 0.02755813 0.02019564
 0.01213025 0.01362947 0.01631567 0.01975245 0.01197655 0.
 0.02136888 0.03414969 0.02389072 0.04899665 0.04943995 0.01796023
 0.         0.         0.         0.         0.         0.
 0.01341148 0.00650331 0.         0.00671882 0.02598396 0.0444896
 0.         0.         0.         0.02762808 0.02295092 0.05038448
 0.00302008 0.         0.00723483 0.3026911 ]",7,xGB,"{'n_estimators': 100, 'max_depth': 5, 'learning_rate': 0.01}",0.7412262156448203,0.7411049022917543,0.759179177187266,0.7412262156448203
sl,2nd-order,"['individual', 'organizational', 'ambient']","['organizational_workload', 'individual_sleep', 'organizational_socialinteraction', 'ambient_temperature', 'ambient_humidity', 'ambient_precipitation', 'ambient_cloudcover', 'individual_stress_tolerance', 'ambient_weekday', 'organizational_workload_avg_8', 'organizational_workload_std_8', 'organizational_workload_max_8', 'organizational_workload_min_8', 'organizational_workload_delta_8', 'organizational_socialinteraction_avg_8', 'organizational_socialinteraction_std_8', 'organizational_socialinteraction_max_8', 'organizational_socialinteraction_min_8', 'organizational_socialinteraction_delta_8', 'individual_sleep_avg_8', 'individual_sleep_std_8', 'individual_sleep_max_8', 'individual_sleep_min_8', 'individual_sleep_delta_8', 'individual_sleep_var_8', 'ambient_temperature_avg_8', 'ambient_temperature_min_8', 'ambient_precipitation_avg_8', 'ambient_precipitation_min_8', 'ambient_humidity_avg_8', 'ambient_humidity_std_8', 'ambient_humidity_min_8', 'ambient_humidity_delta_8', 'ambient_cloudcover_avg_8', 'ambient_cloudcover_std_8', 'ambient_cloudcover_max_8', 'ambient_cloudcover_min_8', 'ambient_cloudcover_delta_8', 'individual_stress_avg_8', 'individual_stress_std_8', 'individual_stress_max_8', 'individual_stress_min_8', 'individual_stress_delta_8', 'individual_prev_stress']","[0.02584206 0.01162143 0.01312    0.00330036 0.00589226 0.00234993
 0.00743077 0.07714921 0.01383989 0.04711655 0.05256009 0.01173948
 0.02996905 0.02643109 0.03452681 0.03725486 0.00928016 0.01272923
 0.02793757 0.02317667 0.03566189 0.01515344 0.01155031 0.01440077
 0.03715164 0.0046383  0.         0.003451   0.         0.0214934
 0.01339333 0.00637297 0.01259973 0.01753763 0.01131969 0.
 0.         0.01339401 0.05203397 0.03603886 0.02155884 0.02310228
 0.05415073 0.12172976]",8,RF,"{'n_estimators': 180, 'max_depth': 7, 'criterion': 'entropy'}",0.7435897435897436,0.7340644549570856,0.7505002195285596,0.7435897435897436
sl,2nd-order,"['individual', 'organizational', 'ambient']","['organizational_workload', 'individual_sleep', 'organizational_socialinteraction', 'ambient_temperature', 'ambient_humidity', 'ambient_precipitation', 'ambient_cloudcover', 'individual_stress_tolerance', 'ambient_weekday', 'organizational_workload_avg_8', 'organizational_workload_std_8', 'organizational_workload_max_8', 'organizational_workload_min_8', 'organizational_workload_delta_8', 'organizational_socialinteraction_avg_8', 'organizational_socialinteraction_std_8', 'organizational_socialinteraction_max_8', 'organizational_socialinteraction_min_8', 'organizational_socialinteraction_delta_8', 'individual_sleep_avg_8', 'individual_sleep_std_8', 'individual_sleep_max_8', 'individual_sleep_min_8', 'individual_sleep_delta_8', 'individual_sleep_var_8', 'ambient_temperature_avg_8', 'ambient_temperature_min_8', 'ambient_precipitation_avg_8', 'ambient_precipitation_min_8', 'ambient_humidity_avg_8', 'ambient_humidity_std_8', 'ambient_humidity_min_8', 'ambient_humidity_delta_8', 'ambient_cloudcover_avg_8', 'ambient_cloudcover_std_8', 'ambient_cloudcover_max_8', 'ambient_cloudcover_min_8', 'ambient_cloudcover_delta_8', 'individual_stress_avg_8', 'individual_stress_std_8', 'individual_stress_max_8', 'individual_stress_min_8', 'individual_stress_delta_8', 'individual_prev_stress']","[0.01257872 0.00888604 0.         0.         0.         0.
 0.01305154 0.05954379 0.01214756 0.02129685 0.02057527 0.
 0.         0.02153979 0.02359912 0.03139503 0.         0.
 0.0385718  0.03003828 0.02887067 0.04608469 0.00386619 0.
 0.         0.         0.         0.         0.         0.07977363
 0.01877787 0.00964908 0.02797702 0.         0.00935236 0.
 0.         0.01659715 0.07235318 0.02212308 0.         0.06265853
 0.         0.30869278]",8,xGB,"{'n_estimators': 60, 'max_depth': 3, 'learning_rate': 0.01}",0.7435897435897435,0.7363990915374392,0.7504289589464632,0.7435897435897435
sl,2nd-order,"['individual', 'organizational', 'ambient']","['organizational_workload', 'individual_sleep', 'organizational_socialinteraction', 'ambient_temperature', 'ambient_humidity', 'ambient_precipitation', 'ambient_cloudcover', 'individual_stress_tolerance', 'ambient_weekday', 'organizational_workload_avg_9', 'organizational_workload_std_9', 'organizational_workload_max_9', 'organizational_workload_min_9', 'organizational_workload_delta_9', 'organizational_socialinteraction_avg_9', 'organizational_socialinteraction_std_9', 'organizational_socialinteraction_max_9', 'organizational_socialinteraction_min_9', 'organizational_socialinteraction_delta_9', 'individual_sleep_avg_9', 'individual_sleep_std_9', 'individual_sleep_max_9', 'individual_sleep_min_9', 'individual_sleep_delta_9', 'individual_sleep_var_9', 'ambient_temperature_avg_9', 'ambient_temperature_min_9', 'ambient_precipitation_avg_9', 'ambient_precipitation_min_9', 'ambient_humidity_avg_9', 'ambient_humidity_std_9', 'ambient_humidity_min_9', 'ambient_humidity_delta_9', 'ambient_cloudcover_avg_9', 'ambient_cloudcover_std_9', 'ambient_cloudcover_max_9', 'ambient_cloudcover_min_9', 'ambient_cloudcover_delta_9', 'individual_stress_avg_9', 'individual_stress_std_9', 'individual_stress_max_9', 'individual_stress_min_9', 'individual_stress_delta_9', 'individual_prev_stress']","[0.03361758 0.01289876 0.02105258 0.00190091 0.00890218 0.00267214
 0.0102418  0.0743869  0.01299403 0.04406994 0.04190647 0.01283095
 0.02727089 0.0352152  0.03303703 0.03398017 0.00771067 0.01498547
 0.03064249 0.02823931 0.03998083 0.0152209  0.01212129 0.01692032
 0.04175861 0.00387618 0.         0.00786492 0.         0.0174673
 0.01422018 0.00234561 0.01739786 0.01343499 0.01038697 0.
 0.         0.0093539  0.04919954 0.03150562 0.01335145 0.02170851
 0.04894368 0.12438589]",9,RF,"{'n_estimators': 180, 'max_depth': 7, 'criterion': 'entropy'}",0.7934615384615384,0.7886477676590677,0.7994072353085511,0.7934615384615384
sl,2nd-order,"['individual', 'organizational', 'ambient']","['organizational_workload', 'individual_sleep', 'organizational_socialinteraction', 'ambient_temperature', 'ambient_humidity', 'ambient_precipitation', 'ambient_cloudcover', 'individual_stress_tolerance', 'ambient_weekday', 'organizational_workload_avg_9', 'organizational_workload_std_9', 'organizational_workload_max_9', 'organizational_workload_min_9', 'organizational_workload_delta_9', 'organizational_socialinteraction_avg_9', 'organizational_socialinteraction_std_9', 'organizational_socialinteraction_max_9', 'organizational_socialinteraction_min_9', 'organizational_socialinteraction_delta_9', 'individual_sleep_avg_9', 'individual_sleep_std_9', 'individual_sleep_max_9', 'individual_sleep_min_9', 'individual_sleep_delta_9', 'individual_sleep_var_9', 'ambient_temperature_avg_9', 'ambient_temperature_min_9', 'ambient_precipitation_avg_9', 'ambient_precipitation_min_9', 'ambient_humidity_avg_9', 'ambient_humidity_std_9', 'ambient_humidity_min_9', 'ambient_humidity_delta_9', 'ambient_cloudcover_avg_9', 'ambient_cloudcover_std_9', 'ambient_cloudcover_max_9', 'ambient_cloudcover_min_9', 'ambient_cloudcover_delta_9', 'individual_stress_avg_9', 'individual_stress_std_9', 'individual_stress_max_9', 'individual_stress_min_9', 'individual_stress_delta_9', 'individual_prev_stress']","[0.02698681 0.01380792 0.05116823 0.         0.02003632 0.01925214
 0.01654993 0.048413   0.00943828 0.02761131 0.01435513 0.
 0.0334212  0.03405831 0.01818717 0.01551426 0.0125969  0.06458437
 0.02310326 0.02196125 0.02861604 0.041471   0.02786922 0.02164732
 0.         0.         0.         0.         0.         0.03207938
 0.01422722 0.         0.03330851 0.         0.01058402 0.
 0.         0.0169218  0.01214146 0.01671102 0.         0.0271718
 0.01294998 0.2332554 ]",9,xGB,"{'n_estimators': 180, 'max_depth': 2, 'learning_rate': 0.1}",0.7983333333333332,0.7932976851981837,0.7994631544925663,0.7983333333333332
sl,2nd-order,"['individual', 'organizational', 'ambient']","['organizational_workload', 'individual_sleep', 'organizational_socialinteraction', 'ambient_temperature', 'ambient_humidity', 'ambient_precipitation', 'ambient_cloudcover', 'individual_stress_tolerance', 'ambient_weekday', 'organizational_workload_avg_10', 'organizational_workload_std_10', 'organizational_workload_max_10', 'organizational_workload_min_10', 'organizational_workload_delta_10', 'organizational_socialinteraction_avg_10', 'organizational_socialinteraction_std_10', 'organizational_socialinteraction_max_10', 'organizational_socialinteraction_min_10', 'organizational_socialinteraction_delta_10', 'individual_sleep_avg_10', 'individual_sleep_std_10', 'individual_sleep_max_10', 'individual_sleep_min_10', 'individual_sleep_delta_10', 'individual_sleep_var_10', 'ambient_temperature_avg_10', 'ambient_temperature_min_10', 'ambient_precipitation_avg_10', 'ambient_precipitation_min_10', 'ambient_humidity_std_10', 'ambient_humidity_min_10', 'ambient_humidity_delta_10', 'ambient_cloudcover_avg_10', 'ambient_cloudcover_std_10', 'ambient_cloudcover_max_10', 'ambient_cloudcover_min_10', 'ambient_cloudcover_delta_10', 'individual_stress_avg_10', 'individual_stress_std_10', 'individual_stress_max_10', 'individual_stress_min_10', 'individual_stress_delta_10', 'individual_prev_stress']","[0.03849011 0.0146454  0.02213497 0.00301036 0.00826333 0.0035356
 0.01121526 0.07256958 0.01614484 0.05064013 0.0400357  0.00847042
 0.01289964 0.02610295 0.03624454 0.04281579 0.00484834 0.01115791
 0.03156162 0.03044754 0.03910073 0.0089753  0.01174993 0.01202487
 0.03457439 0.00623332 0.         0.00458803 0.         0.01231883
 0.00386201 0.01938705 0.01104053 0.01174472 0.         0.
 0.01186717 0.04792187 0.03690469 0.00937681 0.01667634 0.09208912
 0.12433025]",10,RF,"{'n_estimators': 180, 'max_depth': 9, 'criterion': 'gini'}",0.809047619047619,0.804103355230569,0.823180561784277,0.809047619047619
sl,2nd-order,"['individual', 'organizational', 'ambient']","['organizational_workload', 'individual_sleep', 'organizational_socialinteraction', 'ambient_temperature', 'ambient_humidity', 'ambient_precipitation', 'ambient_cloudcover', 'individual_stress_tolerance', 'ambient_weekday', 'organizational_workload_avg_10', 'organizational_workload_std_10', 'organizational_workload_max_10', 'organizational_workload_min_10', 'organizational_workload_delta_10', 'organizational_socialinteraction_avg_10', 'organizational_socialinteraction_std_10', 'organizational_socialinteraction_max_10', 'organizational_socialinteraction_min_10', 'organizational_socialinteraction_delta_10', 'individual_sleep_avg_10', 'individual_sleep_std_10', 'individual_sleep_max_10', 'individual_sleep_min_10', 'individual_sleep_delta_10', 'individual_sleep_var_10', 'ambient_temperature_avg_10', 'ambient_temperature_min_10', 'ambient_precipitation_avg_10', 'ambient_precipitation_min_10', 'ambient_humidity_std_10', 'ambient_humidity_min_10', 'ambient_humidity_delta_10', 'ambient_cloudcover_avg_10', 'ambient_cloudcover_std_10', 'ambient_cloudcover_max_10', 'ambient_cloudcover_min_10', 'ambient_cloudcover_delta_10', 'individual_stress_avg_10', 'individual_stress_std_10', 'individual_stress_max_10', 'individual_stress_min_10', 'individual_stress_delta_10', 'individual_prev_stress']","[0.02727763 0.02687542 0.01577314 0.03105178 0.00844327 0.0103696
 0.03400012 0.03672109 0.03018096 0.0245064  0.02215091 0.01298424
 0.00748014 0.01528032 0.0212829  0.02876511 0.02058954 0.00805852
 0.02275108 0.02330625 0.02448205 0.01659779 0.         0.02306147
 0.         0.00318452 0.         0.00307215 0.         0.02943962
 0.02163078 0.0191035  0.02428471 0.01991393 0.         0.
 0.02034177 0.01202554 0.0240058  0.         0.0568921  0.01907633
 0.25503948]",10,xGB,"{'n_estimators': 100, 'max_depth': 5, 'learning_rate': 0.1}",0.7977777777777778,0.7908341010031147,0.8030409073210931,0.7977777777777778
